headword,pos,gloss
"A, a",,
a,pron.,I
á,pron.,"she, her"
áa,excl.,exclamation of desire or surprise
aba,1. n.,forked stick
aba,2. n.,hammer-headed shark (Sphyrna spp. SPHYRNIDAE)
abábá,n.,charm used by traditional doctors to cause temporary blindness
abaji,n.,"sea, ocean (cf. ebezi)"
abalama,n.,dance group
Abalama,n.,ancient town in Bonny
Abalama bíé,n.,part of Abalama occupied by Longjohn's family
abana,n.,shoulder
ábárá,n.,wedge for drum to tighten skin (=kólị)
ábịlá,n.,bitter plant whose root is used as chewing stick
ábịnàá,n.,"brown mud-fish, probably the barreto (Gobioides spp. GOBIIDAE)"
abonía,n.,worm used as bait
ábọnta,n.,praying mantis (= ngelengéle < Igbo)
ababa,v.,carry something on the back
ábághá,n.,natural rope from bush
abaka,n.,rack specially for drying bonga-fish
ábásịlárị,n.,fish sp.
abẹ,n.,"red earth; mud for house-building, i.e. ‘mudding’ a house (cf. átụma)"
Ábẹ,p.n.,"Ibanị personal name, shortened from Támụnọbẹsáa (male) or Támụnọbụbẹlẹbárá (female)"
abẹẹ,n.,"blackish water-bird, perhaps the Black-Headed Heron, Black-winged Stilt, or Goliath Heron"
abẹẹ,n.,clay mud (cf. abẹ)
abẹkasị (= abẹkakansị),n.,long thin sticks used in tying up the walls of a house in preparation for mudding
ábịbọ,n.,heir; inheritor of family wealth
ada,n.,dance specially for Owu-ogbo
áda,n.,father; a name of respect given to an elderly man
ádabúrúmá,n.,fish used for bait
ádangbólọ,n.,"very small fish with a white spot on the head, that stays in the shallow part of"
(=ádangbúlõ),,rivers
ádẹ́,n.,crickets of all species
"ádõ, ádõarõ",n.,sister-in-law; term of address to the wife and sister of the husband
ádõbõ,n.,brother-in-law; term of address to the husband and the brother of the wife (pl. ádõápú)
adụmí,n.,salt water used in a ritual way
áfái,a.,wicked
áfaláfa,n.,jellyfish
áfárí,n.,small sea-fish; sardine with tough skin (cf. súŋgú)
áfíŋáa,n.,"""farina"", a preparation of cassava in dry crumbly lumps"
afọ,n.,well-fortified building in the form of an iron cage situated in the bows of a war canoe. Any enemy cannon-ball that falls on it is rendered ineffective.
áfó,n.,bridge
áfóŋọ,n.,"co-wife, ""mate"""
áfóŋọnyé,n.,resentment between wives of a polygamous family
ágã,n.,cane-rope (large size)
agala,n.,specially prepared pointed stick or iron used in casting lots
agalá,n.,draw in a game or fight
ágálága,n.,artificial shade; a shelter built over a canoe or boat
agara,n.,bad result in any responsibility; a problem; outcome of a responsibility
ágárárá,n.,leaves and shrubs with sharp blades
agba,n.,sacrifice
agba míé,v.p.,(make a) sacrifice
agbamienyé,n.,articles for sacrifice
ágbã,1. v.,call at; pay a casual visit
ágbã,2. n.,bank of a river
ágbã,3. n.,paint
agbagha,n.,"shoe, boot; any type of footwear"
ágbákárá,n.,anything that is hard and rough; big strong canoe of hard wood; (fig.) a tough person
agbanị,n.,kind of basket woven with a flat piece of wood at its bottom
agbará,n.,"fish, Red Snapper (Lutjanus agennes LUTJANIDAE)"
ágbárá,n.,straight side; a side
ágbárárá,n.,large woven rack on which fish are placed to dry
agbịá,n.,"bird, possibly the Lesser Flamingo (Phoenicopterus minor)"
ágbọ̀,n.,shield
ágbọ̄,excl.,exclamation showing a wish to dissociate oneself from an act of another
agbugba,1. n.,"ribs; “bamboo”, i.e. the petiole of the raffia palm"
agbugba,2. n.,disease
agidi,n.,cutlass; matchet
ágìlì,n.,small balls for gun; shot
agịrị,n.,fish found in fresh water
agịrị,n.,fierce masquerade from Bille
ágịrịrị-kéngé,n.,small sea-crab
águ,n.,cloth from Akwete
ájákárị́,a.,not fine; bad; ugly-looking
ájárị́,n.,rust
ájé,dem.,other (plural)
ajijimáaji,n.,whale
aka,n.,diplomacy; art
aká,n.,tooth
ákáj,excl.,exclamation of pain
ákákápẹlẹ,n.,most elaborate and expensive funeral ceremony
akakọbọ,n.,craftsman
aka kọọ,v.p.,build
akalụ,n.,moon; month
akalụ-níbuló-níbuló,n.,agama lizard
akama,1. n.,bee
akama,2. n.,drum used in war-canoe
akamakamaye,n.,bird with big head
akamapulo,n.,honey
akanị,n.,carpentry; handicraft
akanịbọ́,n.,carpenter (pl. akanịapụ́)
akanyá,n.,understanding
ákányị́,n.,thatch
ákárámá,n.,large bottle with four sides
ákásá,n.,smaller rack for drying fishes (cf. abaka)
ákíó,n.,white man; a fair-skinned man
ákị́,v.,take; receive
álápú-ágídị,n.,sword
alẹlẹ,n.,flower (general)
álílí,n.,"short narrow drum of medium size, kept in bucket with water"
álị,v.a.,be slender
álịláa (=ílịláa),n.,freshwater fish; cichlid perch
alọ,n.,white cloth
alụ,n.,printed cotton cloth
ama,n.,male
amabárã,n.,right hand
ama kúu,v.p.,become engaged? (cf. ama ọlọ)
amakụgháa,a.,(girl) who is not yet engaged
ama ọlọ,v.p.,become engaged
ama-ọlọ,n.,engagement
amaọlọgháa,a.,(girl) who is not yet engaged
ámá,n.,town; country
ámábẹrẹ,n.,national matter; national affairs
ámábẹrẹdụghọbọ,n.,councillor (pl. ámábẹrẹdụghọápụ)
ámábọọ,n.,indigenous person; son of the soil; citizen (pl. ámáápụ)
ámá dá,v.p.,rule over a people
ámádá,n.,reign of a king
ámádábọ,n.,president of town or place; District Head
ámádákírí,n.,kingdom
ámádású,n.,crown
ámádịghítọrúsị,n.,amnesty
ámá dụá,v.p.,defend or protect a country
ámáẹgẹrẹ,n.,indigenous or native dialect or language
ámá ẹrẹ,v.p.,give notice; announce
ámá ẹrẹmá,v.p.,"threaten a country, town"
ámá fọnyá,v.p.,fight for a country
ámáfọnyábọ,n.,one who fights for his country
ámá gbọrụ,n.p.,the whole country
ámágbọrụnụyẹẹ,n.,something that belongs to the whole town/country
ámá-írọkọbọ,n.,traitor
ámákọrọmábọ,n.,founder of a town or place (pl. ámákọrọmáápụ)
ámákúrúbọ́,n.,"policeman, -woman; security person (pl. ámákúrúápụ́)"
ámákúu,n.,"heart of the town, centre of town"
ámámíémíénye,n.,tradition
ámámíénye,n.,custom
ámánakóróbọ́,n.,original inhabitant; aborigine (pl. ámánakóróápụ́)
ámánẹ́ngíá,n.,scorpion (=ododóbíríbọ)
ámányánábọ́,n.,king
ámányánábọ́ wárị,n.,palace
ámányánákírí,n.,"office of rulership of a country, clan or town"
ámányẹ̃,n.,"property of a country; common practice peculiar to a country, town or clan"
ámáókúmúbọ́,n.,state messenger; ambassador
ámá tá,v.p.,to head or lead people or town
ámátáa,n.,"""public wife""; prostitute"
ámátábọ́,n.,leader of a country or town
ama-mbọ,n.,bone-handled matchet
amangongó,n.,earwax
amaye,n.,cobra
ambílē (=ambílē),n.,prince
ambílā (=ambílā),n.,princess
ámbúrá,n.,waves; billows
amgba,n.,jaw
amụá,v.,yawn
ámụá,n.,masquerade
ana,n.,fish sp.
ánáná (=áníná),n.,sheep
ánánákúrúbọ́,n.,shepherd
ánánásíbẹ́bọ́,n.,shepherd
ángā,v.,dwell; reside
ángābọ́,n.,dweller; inhabitant; resident (pl. ángáápụ́)
ángāyọ́,n.,dwelling place
ángị̄,v.a.,become sour
anị,dem.,"that; it Anị síím. It is bad; anị bọ́ọ that person; anị bọ́bē that man; the man; anị bọ́mā that person (man or woman); anị ạ́mụ́mā those people; anị ẹ́rẹ́sị for the sake of; because of that; anịgha? not so?, not that?; anịgháa not so; anị gọ́sị for that reason; on that account; anị̄ it is so; anị̄ that; that is"
áníná see ánáná,,
anịngáa,adv.,there
anịrẹẹ,conj.,unless
anịsáa,adv.,then
anịsọ,conj.,even so; yet
anịsọnị,conj.,even so; though
anịyọọ,adv.,yonder
ánjị,n.,damp that covers the surface of water
ánjị,n.,eyebrow; (fig.) influence and personality combined
ányá,v.,dress a bed; decorate
anyị,n.,egg
ányị,n.,capsicum; Ethiopian pepper
ányịmáá,v.,break (stick) by hand
ányị-mgbọlụ,n.,coal; charcoal
ányịnyá,n.,leaf
apalị,n.,axe for felling
apapá,n.,groundnuts (Arachis hypogaea Linn. LEGUMINOSAE: PAPILIONOIDEAE)
ápárá,n.,bark of plant; peel of fruit; leather; skin
apịa,n.,a lot
apịká,a.,salty; tasting of salt
apịrịgbánị,n.,grasshopper
apụ,n.pl.,people (always suffixed or at least preceded by a qualifier; pl. of bọ)
ápụráá,n.,bird sp.
ápụrẹ,n.,"weak bird, hence (fig.) a weak person"
ápụsịrị,n.,brave leopard
arị,n.,poison; charm; witchcraft
árị,pron.,she; her
árị,1. v.,see; view
árị,2. n.,(fish)hook
arịabẹlẹ,n.,clay pot
arịbọ,n.,witch (male or female) (pl. arịapụ)
árị dírị,n.,rope
árụ,n.,canoe
árụángá,n.,side of a canoe; gunwale
ákíábàlị,n.,kingfisher with a red beak and blue plumage (cf. ákíálálá)
ákí bọ́,v.p.,bring
akídị,n.,beans
akíẹ́,n.,bitter kola (Garcinia kola Heckel)
ákíákuku,n.,name of mermaid played as masquerade
ákíálálá,n.,"kingfisher (Senegal, Blue-Breasted or Grey-Headed)"
ákílẹ́ẹ́,n.,bird sp.
akíná,n.,bird sp.
ákísị̀,n.,one yard of cloth; head-tie; handkerchief
akótó,n.,snuff-box
akpa,n.,bag; pocket
ákpákpá,n.,thickness; thick covering
akpakpa,n.,somersault
akpakpa fíí,v.p.,turn a somersault
akpakuru,n.,"""fufu"", pounded food prepared from cassava"
"akpanị́, ọkpanị́",n.,variety of red yam found in Ogoni
akpe,n.,plant whose leaves are used in weaving native straw hats or belts
ákụ̄,v.a.,be bitter
ákụ́á,n.,"drum; the different types are: álị́lị́ medium drum kept in bucket of water; átámgbá small, kept in bucket of water; atapa smallest type; kálá akụa small drum; ọpụ́ ákụ́á big drum; pẹ́lẹ́ ákụ́á medium drum that supports ọpụ́ ákụ́á"
ákụ́á sírí,,drum set; ensemble
akụka,n.,large tilapia sp.
ala,n.,salt (water); ala míngí salt water
álá,n.,wealth; álá nwángí walk majestically
alabirighá,n.,measles (lit. 'do not bathe in salt water')
álábọ́,n.,rich man; chief (pl. áláápụ́)
alagba,n.,masquerade
alágá see lága,,needle
alágba,n.,gun
alalà (=alịlị́á),n.,funnel; siphon
álálá,adv.,hastily; fast; in a hurry
álá-ńgbára,n.,sceptre; walking-stick of a chief
alapambá,n.,bedbug
árú-ásáwọ,n.pl.,sailors; those who paddle a chief's canoe
árúgbényẹ,n.,freight
árú-ígbū,n.,fare
árúkárá (fíni),n.,"woodpecker, esp. the Grey and Fire-Bellied Woodpeckers (Mesopicos spp. PICIDAE)"
árúkúlọ́,n.,prow; bows; the forepart of ship or canoe
árúkúlọ́dábo,n.,head of a canoe; one in charge of a fleet or canoe; chief
árúpíghébịtẹ,n.,flag
árúpíghébịtẹpam bafíni,n.,"bird sp., Standard-Wing Nightjar (Macrodipteryx longipennis CAPRIMULGIDAE)"
ásá,a.,youthful; young; teen-aged
asááfọ́rọ́,n.,"fish sp., Guinean amberjack (Seriola carpenteri CARANGIDAE)"
ásámbárá,a.,youthful
asamịna-alo,n.,linen
asantí,n.,banana variety sweeter than other kinds when ripe
ásátí,v.,bluff (of a youth)
ásátụ́wọ,n.,youth; young man (pl. ásáawọ)
asẹmẹ,a.,royal
asẹmẹ-ama,n.,kingdom; the city of a king
asẹmẹbọ,n.,king; nobleman (pl. asẹmẹapụ)
asẹmẹfúro,n.,royal family
asẹmẹfúroawọ,n.pl.,people from royal family
asẹmẹnị,n.pl.,royal families
asẹmẹtụ́wọ,n.,noble child (pl. asẹmẹawọ)
ásịlá (=áchịlá),n.,mudskipper
asọ,n.,"road; path; way; asọ iríi lose one's way; go astray; asọ nwangí travel; make a journey, voyage"
asọnwangịbọ́,n.,traveller (pl. asọnwangịapụ́)
asọ-ogbóo,n.,street; middle of street
ásụ,n.,horse
ásụtụ́wọ,n.,foal
atabala,n.,tilapia; cichlid perch
átámgbá,n.,drum smaller and longer than álị́lị́
átámgbóló,n.,mosquito(es)
átángbẹ́lẹ́ngẹ́lẹ́,n.,tiny green snake
atara,n.,greenish damp that covers the surface of water or ground; moss; sphagnum
atié,num.,ten (in counting)
Átílí,n.,name given to the fourth daughter of the family
átíngí,n.,great-grandmother
átónị,n.,manilas
átụma,n.,mud
awọ,n.pl.,children (cf. tụnọ)
Áwúsá,n.,Hausa
áwụ,n.,camwood; áwụ síí camwood tree (Baphia nitida Lodd. LEGUMINOSAE: PAPILIONOIDEAE)
áwụ-áwụ,a.,red
áya,n.,grandmother; address of respect to old woman
Áyaba,n.,"name, meaning a mother that gives birth to many children"
áyábẹlé,n.,first foliage leaf
áyádédébie,n.,dawn; very early morning
áyálẹlé,n.,fruiting (blossom)
ayara,n.,young plant
áyásaa,n.,ancient time; in the past
áyásághị,n.,the beginning; the early beginning
áyọ,n.,onions (Allium cepa)
áyọró,n.,"swallow, perhaps the Mosque Swallow (Hirundo senegalensis HIRUNDINIDAE)"
Áyịbá,n.,immortal female being; God's daughter; God; Creator
ayụba,n.,jellyfish (=áfaláfa)
"B, b",,
baá,n.,light (not dark)
Báịbụl,n.,Bible
bagbo,n.,one who promises and never performs
bálā,1. n.,fish sp. (shad)
bálā,2. v.,care for
báláláam,v.,be worth the value
bálịlị,n.,keg of gunpowder
bánábáná,adv.,often
beghebeghe,n.,"not strong; soft; shivering, e.g. when crossing a bridge"
beka,n.,"the son of Ẹbẹma and the producer of breeze, e.g. fan, air-conditioner"
békéma,adv.,unaware; suddenly
béle,n.,Gospel
bémẹ́,n.,fish sp.
bénẹ́mbẹnẹ́,n.,3 days forward or backward
bíē,n.,inside; interior; mind; opinion
bíéákū,n.,malice; hatred
bíé bārámá,v.p.,forget
bíébẹlẹ́,n.,gladness; happiness
bíé bẹlẹ́má,v.p.,please; gratify
bíé dīmá,v.p.,change one's mind (cf. bíé pīghī)
bíédīmábọ́,n.,comforter
bíé fọ̄,v.p.,"control one's temper; exercise self-control, patience"
bíéfọ̄ọ̄,n.,self-control; patience
bíéfọ̄ghá,n.,[?] hot temper; ill temper; impatience
bíé fūṛū,v.p.,be angry; provoke (cf. bíé ōbū)
bíéfūṛū,n.,annoyance
bíégbāná,n.,fidelity
bíé-íkīrī,n.,endurance
bíé īkīrīmá,v.p.,endure
bíéju,n.,inside
bíékīrī,n.,bedroom
bíé kōrōmá,v.p.,remember; recollect; think
bíékōrōmádīrī,n.,memo book; diary ['remember' + < E. diary]
bíélọ̄ọ̄,a.,soft-hearted; mild
bíé lōmā,v.p.,soften the mind
bíé mēmẹ́,v.p.,doubt
bíémēmẹ́,n.,doubt; doubtfulness
bíénūṇū,n.,uneasiness of mind
bíé ōbū,v.p.,be angry; provoke (cf. bíéfūṛū)
bíé-ōbū,n.,anger; wrath; annoyance; grief
bíéōbūmányé,n.,provocativeness
bíé ọkọ,v.p.,guess; assume
bíé ọlọ,v.p.,"control one's temper; exercise self-control, patience"
bíé-ọlọ,n.,self-control; patience
bíé pighí,v.p.,change one's opinion (cf. bíé dìmá)
bíé síí,v.p.,"be sad, unhappy"
bíésíì,n.,sadness
bíé símá,v.p.,irritate
bíésímányé,n.,irritation
bíétọ,a.,desired; longed for
bíí,v.,greet; ask; request; solicit; beg; wish; want
bíí,v.,be full
bííbọ,n.,European (pl. Bííápụ)
Bííná-áma,,"whiteman's land; Europe, North America, etc."
bííbụrụ,n.,breadfruit
bíímáá,v.cs.,fill
bííná-ínyaụ,n.,banana
bííná-ọbịọ,n.,duck (general term for all ducks and geese) (= gọgọ)
bíínyé,n.,need; want
bíiríi,v.,dress gorgeously
bílé,v.,dive; sink
bílíbílí,v.,"labour, work"
bílíbílíbọ,n.,"labourer, worker"
bílíbílí,n.,act of labouring; toil; travail
bílílíí,v.,blink (the eye)
bíímáá,1. v.,extinguish
bíímáá,2. v.cs.,fill
binyé,n.,desire
bírí,n.,ear
bírí nụnụ,v.p.,warn
bírínụnụ,n.,warning
bíri,n.,trunk (of body); abdomen
bíri,v.,bathe
bíriángá,n.,district
bíribọ,n.,someone of same age; companion (pl. bíriápụ)
biríkenge,n.,centipede
birimabírí,n.,middle of the trunk
bịá,1. v.,be ripe; shine; be bright
bịá,2. v.,get cooked
bịá,3. v.,collide with; strike against
bịá,4. n.,yesterday
bịá dịị,n.p.,last night
bịá éne,n.p.,yesterday
bịamá,v.,collide; meet by force
bịabọ̀,n.,foreigner
bịbị̀,n.,mouth; front
bịbịkụẹ̀,n.,"bird, the African spoonbill or saddlebill stork [?]"
bịé,v.,defecate
bịghá,v.,conspire
bịghị̀,v.,fall (of person); stumble
bịla,n.,elephant
bịlatẹbọ̀,n.,elephant hunter
bịlagbị̀,n.,stinging bee
bịrịbọ̀,n.,doctor
bịrịwárị̀,n.,hospital
bịṭẹ,n.,cloth
bịṭẹdorinyẹ́,n.,loom
bịṭẹ ikịba,n.p.,one fathom of cloth (2 yards)
bóá,v.,be plenty
bóágha,,not plenty
bóbò,v.,fondle
bódoro,n.,butter (cf. bọ́ta)
bomá,v.,praise (oneself)
bọ̀lị̀,n.,bowl; basin
bọ́ta,,butter (cf. bódoro)
buasịsaa,adv.,seldom; not often
"B, b",,
-ba,suff.,daughter
bá,v.,"kill; slaughter; break (plate, glass); shatter; stain"
báásó,n.,dawn; period from 4.30 a.m.
bábá,excl.,goodnight
bábábó,n.,one who often kills; habitual killer báábápú
bala,1. n.,fishing fence
balá,2. n.,comb
balá,3. n.,brass
bálábálá,v.,struggle
báláfa,v.,be afraid
báláfabó,n.,coward; pusillanimous person
báláfámá,a.,fearful; frightening
báláfámányé,n.,s.t. which excites terror; which terrifies
bálákúkú,n.,Wahlberg's Eagle
bálólia,n.,morning star
bálóló,n.,evening star
bá nã dí nã,n.p.,day and night
banyé,n.,catarrh (=mgbaá)
bápó,n.,chin
bápúró,v.,stammer
bápúróbó,n.,stammerer
bárã,1. n.,hand; arm
bárã bã,v.p.,bet
bárã dã,v.p.,shake (hands)
bárã díghí,v.p.,carry a child in the arms
báradéghé,n.,arm
báradíghítúwó,n.,infant; babe in arms
bárãkãrã,n.,ankle or wrist bone
bárãkóngo,n.,wrist
bárãkú,n.,palm (of hand)
bárámíme,n.,fingernail
bárãólákísí,n.,handkerchief
"bárálõngá, bárálõnyé",n.,handle
bárá sãní,v.p.,swing arms
bárásãní,n.,swinging of arms
bárátúmgbolu,n.,finger
bárátúmgbolusua nyé,n.,ring (for finger)
bárátúngu,n.,elbow
bárã,2. n.,way
bárábínghá,adv.,constantly; often
bárápáyíi,n.,adoption
bárá pímá,v.p.,retail
bárápímábõ,n.,petty trader
bárási,v.,leave; acquit
sii bárásī pírí,v.p.,forgive
bárási,n.,acquittal
bárá sūá,v.p.,help
bárásūányé,n.,"something used to assist, help"
bárá tō,v.p.,economize
bárí,v.,add
barimanyé,n.,help; assistance
"báu, báwú",v.,hit; strike; knock; box
báu gbólómaá,v.,weld
báu/báwú pálī,v.p.,nail; crucify
báu sú,v.p.,nail in(to)
báwú,,see báu
bē,dem.,that
bebõ bebõ,n.p.,anybody; nobody
bélémáá,v.,reveal a secret to another person
bē,conj.,(say) that
bēē,v.,talk to
begherę,n.,two-edged sword
"beghe, beke",n.,place where Europeans reside and trade
bēku,n.,slur; stain on character
bēlē,a. v.,"be sweet, tasty"
bélẹ́,1. n.,cooking-pot
bélẹ́,2. n.,tongue (also bípíbẹlẹ)
bélẹ́kí,n.,fat
bélẹ́kísúá,a.,fatty; greasy
bẹlẹ́má,v.,love; please; like
bẹlẹ́onúú,n.,flavour
bélẹ́tẹlẹ́mábọ́,n.,pot-repairer
bélẹ́tẹmẹ́bọ́,n.,potter
bẹ́m,n.,honey
bẹnyẹ́ bẹnyẹ́,n.p.,anything whatever
bẹrẹ́,n.,case; affair; matter; dispute
bẹrẹ́bárásíí,n.,conviction
bẹrẹ́ bíá,v.p.,consult
bẹrẹ́ dọ́ghú,v.p.,be offensive
bẹrẹ́dọ́ghúbọ́,n.,offender; one who delights in offending
bẹrẹ́ fámá,v.p.,forgive; pardon
bẹrẹ́fángálá,n.,argument
bẹrẹ́ fọ́nyá,v.,argue
bẹrẹ́fọ́nyá,n.,argument
bẹrẹ́ gbílá,v.p.,inquire; investigate
bẹrẹ́gbílá,n.,inquiry; investigation
bẹrẹ́gbílábọ́,n.,"investigator; (in pl., commission of inquiry) bẹrẹ́gbíláápú"
bẹrẹ́ gbọ́,v.p.,complain
bẹrẹ́ gbọ́ so,v.p.,complain
bẹrẹ́ kọ́,v.p.,judge
bẹrẹ́kọ́,n.,judgement
bẹrẹ́kọ́bọ́,n.,judge; magistrate bẹrẹ́kọápú
bẹrẹ́kọ́wárí,n.,court
bẹrẹ́ mị́ẹ́,v.p.,pursue a case to the end
bẹrẹ́mị́ẹ́bọ́,n.,litigious person; troublesome person
bẹrẹ́nábọ́,n.,person who causes trouble and litigation
bẹrẹ́ núnúá,v.p.,argue bẹrẹ́ fọ́nyá
bẹrẹ́núṇúá,n.,argument
bẹrẹ́ pẹlẹ́,v.p.,give decision; settle dispute
bérépélébípị,n.,decision
bérépélébọ́,n.,arbitrator
bérẹ́ píí/píghí,v.p.,deny; refuse; upset matters
bérẹ́ só,v.p.,summons
bérẹ́ tọ́,v.p.,control; command; govern; dictate
bérétọ́bọ́,n.,director; governor
bérétọ́bárá,n.,act of governing; form of government
bẹsá bẹsá,adv.,ever
bẹ́ ya,excl.,you fellow!
bíbí,,see bíbị́
bílã,n.,diarrhoea
"bíbị́, bíbị́",n.,mouth
bíbị́bẹ́lẹ,n.,tongue
bíbị́ bẹ́lẹ́má,v.p.,converse
bíbị́bẹ́lẹ́má,n.,conversation
bíbị́gbẹ́nyẹ,n.,cover; lid
bíbị́ júu,adv.,forward; in front
bíbị́ kpẹ́pú,v.p.,be dumb
bíbị́ lámá,v.p.,taste
bíbị́-mípára,n.,lip
bíbị́ mbúụma/míbúghúmá,v.p.,smile
bíbị́ mú,v.p.,progress
bíbị́mú,n.,progress
bíbị́ogbosọ́ọ,n.,agreement; treaty
bíbị́ókólo,n.,tip; peak
bíbị́-ósí,n.,obedience
bíbị́-ósíghá,n.,disobedience
bíbị́pághara,n.,lips
bíbị́ píírị́,v.p.,"advance; give order, opinion; go forward"
bíbị́pírímá,n.,advance
bíbị́ púghú,v.,obey
bíbị́púghú,n.,obedience
bíbị́ púghúághá,v.p.,disobey
bípípúghúághá,n.,disobedience
bípí túghúrú,v.p.,ruminate
bó,v.,come
bólō,v.,plaster; stick fast; connect; embrace
bólō,3. n.,paste
borí,n.,pillar; post
borokírī,n.,"""fishing-pot""; fishing village"
-bó,suff.,person
boló,v.,"be far, distant"
bolō,v.,borrow; lend
"bolojú, boloyó",n.,far distance
bolo sáa,adv.p,long time ago
boloyó see bolojú,,
boó,v.,hide; conceal
boó bará,adv.p,secretly
boó yo,n.p.,hiding place
boọmá,v.,hide from
bọ púló,n.,honey = (akama pulo)
bọró,n.,fireplace in a canoe
bọró,v.,dislocate
bọró,1. v.,move; pass; pass away
bọró,2. part.,word which introduces a question
bọrọmá,1. v.,save; rescue
bọrọma,2. n.,purlin
"bọrọma, bọrọmaá",v.,escort; lead; accompany
bụ,n.,mangrove swamp forest
bụ,v.,drink
bụ díri,n.p.,medicine
bụ míngí,n.p.,fresh water
bụló,n.,tempest
"bụnámbulo, bụnábolu",n.,bird sp.; probably the Tiger Bittern
bụpiri,n.,evening
buru,n.,yam
burutari,v.p.,be hungry Buru ị tarịarị I am hungry
burugbobalá,n.,iron spoke for picking out yam from the pot
buruịmọọ,v.p.,fast
buru-ịmọọ,n.,fast(ing)
burusọyọ,n.,cooking place
búrúbúrú,v. a.,"be not clear, dim"
búrúbúrú findị,,from 5.30 a.m.
búrúmá,n.,indigo
búrúsū,n.,kitchen
bụ,pp.,on; in
bụ,n.,body; self
bụákụ,n.,pain
bụ bá,v.,fret; worry bụ bá má don't worry!
bụ bálábálámá,v.p.,trouble; worry
bụ béríá,v.p.,sympathize
bụ bélẹẹ,v.p.,like; prefer
bụ bélẹbáá,v.p.,prefer strongly
bụbélẹbárá,adv.,voluntarily; willingly
bụ bélẹmá,v.p.,love oneself
bụbẹnyẹ,n.,kind; pattern
bụ bírímá,v.p.,dress
bụbírímányẹ,n.,apparel
bụ bómá,v.p.,praise oneself; boast
bụbómá,n.,self-praise; boasting
bụbúbu,adv.,freshly
bụdá,a.,[?] hard; difficult
bụ dárímaá,v.p.,refrain from; keep from
bụ dị,v.p.,bear pain patiently
bụ díé,v.p.,show off
bụdíé,n.,vanity
bụ ẹbị,v.p.,be mindful; heed
bụfa,,lest
bụ fọnyá,v.p.,defend oneself
búdọ́nyá,n.,self-defence
búdọ́nyábọ́,n.,defendant búdọ́nyápú
búdgbẹrẹ́pú,n.,wonder
búdgbẹ́rẹ́púmányé,n.,wondrous thing; miracle
bú gbẹ́,v.p.,be fitting
búdgbẹ́gha,a.,not suitable; indecent
búdgbẹ́nyé,n.,that which suits; fitting thing
búdgbọ́nyí,a.,lonesome
búdgirị́rị́,n.,shame
búdgirị́rị́mányé,n.,"shameful act, thing, attitude"
bú gunugunú,v.p.,shake off; struggle
bú-íkú-óbíí,n.,dropsy
bú kárákárámá,v.p.,prepare; be ready; stand by
búdịkeké,n.,suffocation
bú koró,v.p.,be satisfied
bú kúrọ́,v.p.,1. be in good health 2. be out of pocket
bú kúrọ́ma,v.p.,make an effort (usu. used as salutation of encouragement)
bú nímí,v.p.,know oneself; be mindful of something; be decent
búnímíáówúu,n.,assault
búnímíbọ́,n.,one who knows himself
bú-ńjírị́,n.,sympathy
bú-ńjírị́mányé,n.,event that gives rise to sympathetic feeling
bú nyáná,v.p.,"be free, independent"
búnỵáná,n.,independence; freedom
búpị́ghịárị́bọ́,n.,defendant
búpúámá,v.,surprise
búpúámányé,n.,astonishment
búpụnụ́,a.,sluggish; indolent; lazy
búsághị́,n.,pride
bú símá,v.p.,disgrace oneself
búsminí,a.,submissive
búsímímímá,n.,submission
bụ́ sụ́,v.p.,stretch (oneself)
bụ́ sụ́á,v.p.,venture; try
bụ́sụ́á,n.,adventure
bụ́sụ́ábọ́,n.,adventurer; venturer
bụ́ tẹ́rẹ́má,v.p.,be humble
bụ́tẹ́rẹ́má,n.,humility; lowliness
bụ́ tí,v.p.,rejoice
bụ́tí,n.,rejoicing; gladness
bụ́ tọ́,v.p.,be proud
bụ́tọ́,n.,pride
bụ́ yáwụ́,v.p.,be silent
bụ́ghụ́lọ́,v.,"board; embark; enter a canoe, ship or car"
bụkọ,n.,monkey
bụkọ-obíi,n.,leprosy
bụkụmgbọ́,n.,clitoris
bụlọlọ́,v.,lie down
bụ́ọ́,n.,leg; foot
bụ́ọ́-ẹ́lẹ́ghẹ́,n.,thigh
bụ́ọ́fụ́rọ́,n.,calf (of leg)
bụ́ọ́-ị́káṛị́,n.,ankle bone
bụ́ọ́-ị́nyọ́,n.,instep
bụ́ọ́kọ́ngọ́,n.,ankle
bụ́ọ́kụ́ụ́,n.,sole
bụ́ọ́mị́gbọ́,n.,leg
bụ́ọ́sị́bị́,n.,knee
bụ́ọ́tụ́ngụ́,n.,heel
bụ́ọ́tụ́mgbọ́lụ́,n.,toes
bụ́pọ́,n.,door
bụ́pọ́kụ́rụ́bọ́,n.,doorkeeper; porter; gateman
bụ́rọ́,v.,slap
bụ́rụ́,n.a.,be rotten
"D, d",,
daa,n.,father; dad
daá,1. v.,hold back; keep from falling
daá,2. n.,rafters
dáaba,n.,father's daughter
daadàa,a.,straight
daá dighí,v.p.,test; examine
daádighí,n.,examination; trial; temptation
daádighibọ,n.,one who tests; examiner (pl. daádighiapụ)
daádighinyẹ,n.,thing for test or examination
daá dughọ́,v.p.,interpret
daáduobọ́,n.,interpreter (pl. daáduoapụ)
daaduomá,n.,interpretation
daá duo págháma,v.p.,interpret clearly
daáduopághámalọ,n.,clear interpreter
daa akị,v.p.,receive
daá síí,v.p.,turn away from
daa súú,v.p.,receive into
dadaaghá,v.,fidget
dadaaghá,a.,fidgety [?]
dághalá,n.,torment; torture
dagógo,n.,"father's namesake, also used as name"
dálā,v.,comb; scratch (as fowl)
dálā síí,v.p.,thrust aside
damadámá,v.,opposite; facing each other
dápá,n.,pool; pond
dápábíe,n.,lake
Dápá,n.,name given to the third son of the family
da paghá,v.p.,oppose
da págháma,v.p.,push out; push away
dápịrị,n.,stone
dápọ́,n.,kola-nut
dápúū,n.,echo; telephone
dárị́,1. v.,boil (of water); bubble
dárị́,2. n.,billow
darịmáá,v.,make way; go away; get away
dasẹ́ẹ,v.,halt
dasẹ́máá,v.,resist
dasẹ́mabọ́,n.,resistance
dawọ́,v.,learn
dawọbọ́,n.,scholar (pl. dawọ-apụ́)
dáwọ́,v.,dream
dáwọbọ́,n.,dreamer (pl. dáwọ́-ápụ́)
dede,n.,morning
dedebíẽ,n.,early morning
dede bálolo,n.p.,morning star
dede déde,n.p.,early morning [or: early in the morning?]
dede fúfụ,n.p.,"early morning, from 6 a.m. to 6.30 a.m."
dede ịnyọọ,n.p.,"youthful strength, energy"
dede ịrịá,n.,good morning [meaning?]; first meeting of the day
dede lólia,n.p.,morning star
"dee, deebọ",n.,"husband (pl. dee-apụ́, diapụ́)"
dee ná taa ná,,husband and wife
defịọrụpọ,n.,widow
dẹ,v.,erect penis
dẹẹ,1. v.,drive
dẹẹsíí,n.,banishment
dẹ pághámaá,v.p.,drive away; drive out
dẹẹ súú,v.,drive in
dẹẹ,2. v.,place in a row
dẹẹrẹẹ,n.,consecration
dẹrẹsọbọ,n.,one who consecrates
dẹghẹrẹsọbọ,n.,consecrated person
dẹrẹ súá,v.p.,consecrate
dẹrẹsúábọ́,n.,consecrated person (pl. dẹrẹsúá-apụ́)
dẹghẹ,n.,fish sp.
déghédéghe,a.,finely ground; powdered
déki,n.,storey building; deck of a storey building
derí,1. v.t.,sell; betray
deribó,n.,seller; vendor
derinyé,n.,vendible article
derí,2. v.i.,laugh
derinyé,n.,something that causes laughter
diapu,,see dee
didighá,intro.,perhaps
dié,v.t.,teach; show; present
diekirí,n.,share
dienyé,n.,doctrine
die págháma,v.p.,prove
diepágháma,n.,proof
dié pirí,v.p.,present (gift)
diépirinyé,n.,donation; present; gift
dighí,v.,look at; expect
dighi álmáá,v.p.,despise
dighi bá,v.p.,look properly
dighibó,n.,spectator; inspector
dighibújirí,n.,mercy (= tórú kurukurú)
dighidighibó,n.,caretaker
dighi págháma,v.p.,train; nurse; bring up
dighi símaá,v.p.,underestimate; look down on
dighi tórúsí,v.p.,overlook
dighi túmaá,v.p.,look to the end; be patient
díghí,n.,rope; cord
díghí,v.,carry
díghínyé,n.,load; burden
dighidighibá,intro.,perhaps; peradventure
dighidighigha okúma,intro.,perhaps
dighidighíi,excl.,goodbye
dii,1.,be calm
dii,v.a.,
dii fínị́ị,v.,keep quiet; be quiet
dímáá,v.,make peace
dii,2. n.,peace; calmness
dii kúkúbie,n.p.,peaceful mind
dinyi,n.,peace; tranquillity; peacefulness; meekness; mildness
diímíébọ́,n.,peacemaker
dii,n.,night
díógbó,n.,midnight
díkọ́,n.,"bird sp., the Collared Pratincole or Pintail"
dím,n.,oil-palm
dímbara,n.,palm-frond
dím-iru,n.,palm-wine from the oil-palm (tumini irú general term for both types of palm wine)
dím-mgbolụ,n.,palm-fruit
dím-osu,n.,bunch of palm-fruit
dím-pulo,n.,palm-oil
dím sịị,n.,palm-tree (i.e. oil-palm)
dímá,v.,change
dímá,n.,exchange
dínọ̣ngụ,n.,waves; billows
dínyē,n.,load
dịpi,v.,plant; sow; bury
dịpinyé,n.,crop; seed
dịrí,n.,leaf; tobacco leaf; medicine; book; letter
dịrịdáwọ́wárị,n.,school
dịrị gịẹ́,v.p.,write
dịrịgịẹ́bọ́,n.,clerk
dịrịgịẹ́nyẹ́,n.,(writing) paper
dịrịgịẹ́wárị,n.,office
dịrínị́mí,n.,book-knowledge
dịá,1. n.,trap; snare
dịá,2. n.,arrow
doná,v.t.,meet; join
donía,v.reci p.,meet
dónwí,n.,ringworm
dórī,v.,weave
dórībọ́,n.,weaver
dosí,v.,jump
doghụ́,1. v.,seek; want
doghụnyẹ́,n.,what is needed; want; need; desire
doghụ́,2. v.,paddle (canoe)
dọghụ̄,v.i.,burn (as house)
dọnị́,n.,shea butter
dụ́rọ́,n.,barracuda
dọwụ́ dighí/dií,v.p.,verify
dọwụdọwụ́,a.,small; little
dọwụdọwụnyẹ́,n.,little things; small things; irrelevant things
dụ́amabọ́,n.,next person
dughó,v.,tell; speak; say; talk
dughodughobọ́,n.,informant
dughó findí/fịnjí,v.p.,explain
dugho fíndímaá/fíṇjímaá,v.p.,explain; be explicit
dugho pághámaá,v.p.,speak out; talk out; proclaim
dugho pálị́,v.p.,report
dugho pẹ́lẹ́,v.p.,settle a case
dugho pị́ghị́,v.p.,contradict
dughopị́ghị́,n.,contradiction
dughopị́ghị́,a.,contradictory
dughó pịrị́,v.p.,tell; inform
dughopịrịnyẹ́,n.,information
dugho pụ́nụ́maá,v.p.,prosecute
dughopụ́nụ́mabọ́,n.,prosecutor
dughosárámabọ́,n.,one who proclaims
dughó síí,v.p.,settle a case
dugho símaá,v.p.,defame; disparage
dughosímaá,n.,defamation
dugho sụã,v.p.,appeal
dugho tórụ sụã,v.p.,prosecute
dúmã,v.,live; be alive
dúmã,n.,life
Dúpú 1.,p.n.,name given to a male child
dúpú 2.,n.,grave
dúpúyọ́,n.,graveyard
duú,n.,hare [?]
duú,n.,inheritance
dúū,v.,"scoop; draw, fetch (water)"
dụã,v.,save
dụãbọ́,n.,saviour
dụãbọ́rọ́maá,n.,salvation
dụã pághámaá,v.p.,deliver; rescue
dụãpághámabọ́,n.,deliverer
dụã bọ́rọ́má báso,n.p.,period from 2 a.m.
dụbá,v.a.,"be large, big, enormous"
dụbámaá,v.cs.,enlarge
dụá,n.,dead body; corpse; spirit; ghost
dụáamáa,n.,the spirit world; land of shadows
dụáamábọ́,n.,spirit of the dead; ghost (pl. dụáamáapụ́)
dụábie,n.,ancestral shrine
dụá dípi,v.p.,bury the dead
dụádipíyọ́,n.,cemetery
dụá ónúu,n.p.,odour of the dead
dụá sughu,v.p.,exhume (a corpse)
dụa,n.,farm
dụa dípi,v.p.,farm; plant
dụadipi,n.,farming
dụadipibọ́,n.,farmer (pl. dụadipiạpụ́)
dụakiri,n.,farmland
dụkọ́ 1.,v.,chew
dụkọ 2.,n.,chewing-stick
dụghụdụghụ́,v.,agree = mini dụghụdụghụáa
dụghụmá,v.,forbid
dụpo,n.,plank
dụrukụ,v.,make a joyful noise; rejoice
dụwã,v.,follow
dụwábọ,n.,follower
"E, e",,
ébébẹ́,n.,slight madness
ebezi,n.,ocean (cf. abaji)
ebezi fọrụ,n.p.,sea-breeze
ébírí,n.,heavy rain with storm
ebirisuo,n.,storm-cloud
ebirisuo,a.,stormy
ẹdẹnị,n.,altar
efuru,n.,fish sp.
ẹgbẹ,n.,"bird, Hammerkop"
egbegbe,n.,shark sp.
egbelegbe,n.,ówú play
egberi,n.,story; dialogue; drama; trick
egbezi,n.,concert; trick
egbezi,a.,tricky
ékéré,n.,musical instrument; wooden slit-gong with one hole (contrast íkítíkó with two)
ékéréfáríílila,n.,veranda where ékéré is beaten
ekuẹ́,n.,Horse Mackerel
elẹmụmọ,n.,river bank
élépé,v.,trick
elésíá,n.,pigeon
elésiri,n.,desert
ẹné,n.,day ẹné gbọrụ every day; daily
ẹnébáa,n.,daylight; mid-day; afternoon
ẹnébábírí,n.,afternoon period
ẹnébáẹnébáẹné,adv.,every day
énéfíényẹ,n.,rumour; flying news [?]
énébásogbogbo,n.,"noon, mid-day"
énékiényẹ,n.,clock; calendar
énéńénébu,adv.,day by day
"énéńé, énéńé-éné",adv.,day by day
"épe, peépeé",n.,"Kittlitz's Sand Plover; a bird that shakes its tail; children sing songs about it, and it is eaten"
épe,n.,yellowness
epekelepeépe,n.,swallow; swift
epele,v.t.,tell lies
epele,n.,lies; cunning; falseness
epele tí,v.p.,tell lies
epeletibọ,n.,liar; untruthful person
epepé,n.,indirect sunlight
éré,n.,female
éréawọ,n.,young ladies
éré dọghụ,v.p.,womanise; chase women
"érédọghụbọ, érédọwụbọ",n.,womaniser
éré yímá,v.p.,act as midwife
éréyímá,n.,midwifery
ésénié,num.,nine
"Ẹ, ẹ",,
ébẹ,n.,alter; shelf
ẹbẹkíngi,n.,dagger
ẹbẹlẹ,n.,bow
ẹbẹlẹ na díá ná,,bow and arrow
ẹbẹma,n.,"mermaid that commands the air which always makes a cool breeze; the mother of Beka; the sweet breeze that carries canoes along the sea; Beka, sweet as the electric fan or air-conditioner"
ẹbẹtụndụ,n.,high mountain
ẹbị,v.,watch
ẹbịghá,intro.,in case
ébírí,a.,smart
ébírí,n.,smartness
ébíríbó,n.,smart person
édé,n.,the top of an altar and its contents
édéle,n.,vulture
éféféré,n.,scales
éfengú,n.,fan
éféré,n.,plate; zinc
egbegbe,n.,trap for monkeys
Egene,n.,the Egene or Engenni people
egenębite,n.,"Nigerian cloth, very thick and woven with cotton. In former days it was sold by Oguta people."
egenemingi,n.,very high tide
egerę,n.,bow-legs
égérę,v.,talk; speak
égérę,n.,word
égérębípí,n.,language
egúę,n.,beans (= akídí)
ejúę,v.,be dumbfounded
"ękakali, ękakalıba",n.,crack; fracture; fissure
ékéó [? cf. ékétó v.],n.,economy
ękębę,n.,cramp
ékéké,n.,skull
ékéké,n.,frying pot made of clay
ékémaá,v.,filter; strain; skim
ékęmanyé,n.,sieve; sifter
ękẹmękẹ,v.,be dumbfounded
ékengé,n.,fiddler crab
ękeręę,n.,trap for catching crayfish
ékétó,v.,economize
ękpe,n.,he-goat; promiscuous person
ękpedúá,n.,devil
ękue,n.,spoon
ẹlẹ,n.,mullet sp.
ẹlẹgbẹ,n.,cock
ẹlẹlẹndẹ,n.,orange
ẹlẹlẹndẹ,(- a.,green
ẹmbẹ,n.,chance; opportunity
ẹmẹ,n.,semen
ẹmẹẹ,v.,dive
ẹnwẹ,1. v.,take effect
ẹnwẹ,2. n.,asthma; consumption
ẹnwẹnẹ,n.,spherical Indian pellet-bells tied to wrists or ankles during traditional dances
ẹpẹlẹ,1. n.,yard; compound
ẹpẹlẹ,2. n.,draughts
ẹpẹpẹ,n.,sun
ẹpẹpẹnụ,n.,"seed which is borne on the body of a tree and has three sharp edges and a good scent, used for cooking"
ẹpẹsábíyọ,n.,east
ẹpẹ́túyọọ,n.,west
ẹpẹrẹ,v.,belch
ẹrẹ,n.,name
ẹrẹámáa,n.,town or settlement where only women live
ẹrẹ́nyánágháa,a.,nameless; devoid of description
ẹrẹ́-,n.,women (used in combinations) ẹrẹ́ na ama ná wives and husband; ladies and gentlemen
ẹrẹ́ámápu,n.pl.,women
ẹrẹ́bíẹ,n.,girls' hostel; women's compound
ẹrẹ́bárã,n.,left hand
"ẹrẹ́bọ, ọrúbọ",n.,woman (pl. ẹrẹ́ámápu)
ẹrẹ́bọ́bára,a.,womanly
"ẹrẹ́bọ́ yá, ọrúbọ́ yá",v.p.,marry
ẹrẹ́ yá,v.p.,marry (plural)
ẹrẹ́ji,n.,razor
ẹrẹ́kúra,n.,dry season
ẹrẹm,n.,"saltwater fish, the pike"
ẹrẹmá,v.,threaten
érépó,n.,fish sp.
éréré,a.,slow; gradual
éréréma,adv.,slowly; gradually
érésímá,n.,defamation
érésị,conj.,because
érésó,n.,fame
éréyímábọ́,n.,midwife
ésẹm,n.,periwinkle
ésẹm ákpakpa,n.,periwinkle shell
"ẹwẹghẹ, ẹwẹẹ",v.,"be dumbfounded, stupefied"
ẹwẹlẹ,n.,beard; whiskers
"F, f",,
faá,v.,finish; get lost
fanyẹ́,n.,lost thing
faá,n.,loss
famá,v.cs.,lose
famanyẹẹ,n.,lost article
fangá,v.,twist
fángā,n.,copper rod
fangalá,v.i.,be twisted
fángalá,v.t.,twist
fángálábọló,n.,eel sp.
farafárá,a.,"of bad odour, scent"
fárị́,1. v.,sharpen (knife or razor)
fárị́,2. v.,sound or beat drum
fẹ́,1. v.,buy
fẹ́bọ́,n.,buyer
fẹ́ fẹ́ wárị́,v.p.,buy and keep/store
fẹ́nyẹ́,n.,bought article
fẹ́ túwó,v.p.,trade
fétúwóbó,n.,trader
fé wárí,v.p.,buy and keep
féngú,v.,fan
fé,2. n.,market (outside the township)
fé sírí,n.,market square
féwárí,n.,market stall
Fénị́ íbí éne,n.p.,Friday
Fénị́ óbú,n.p.,Thursday
fénị́ị́,n.,trade
fénị́bọ,n.,trader (pl. fénị́ápú)
férị́,n.,narrow escape
fétúbó [also fétúwó],n.,trade
fíé,1. v.,utter; make a sound; speak (a language)
fíéfíégháa,a.,unsoundable
fíéfíém,v.,be capable of making sound
fíé,2. v.,blow (of wind)
fíémááa,v.cs.,make sound
fífíobíi,n.,any infectious disease
fíi,v.,fly
fíi,v.,jump
fíi,v.,swell up
fímááa,v.,loosen; untie
"fíndí, fíníí",1. v.,open
fínííarị,a.,spreading; extending
fíndínyé,n.,opened thing
"fíndí, fíníí",2. n.,width
"fíndí, fíníí",v.,add (used in counting) óyí téré fíndí thirteen
fíní,n.,bird
fíní bíríbọ,n.,"bird sp., Abyssinian Roller"
fíní wárí,n.,bird's-nest; birdcage
"fíníí, fíníí",,"see fíndí, fíndí"
fírí,v.,leak
fírí,v.,scrape off scales (of fish); pluck or deplume (bird)
fị,v.t.,eat
fịfịm,a.,edible
fịfịnyẹ́,n.,edible thing (= fịnyẹ́)
fịnyẹ́,n.,edible thing (= fịfịnyẹ́)
fịá,1. n.,agree
fịaghá,v.,"not agree; not consent, be unsuitable"
fịaghanyẹ́ẹ,n.,disagreement; unsuitability
fịạ,2. n.,"excreta; faeces, dung manure, stool, excrement"
fịáfịá,v.a.,be clean
fịáfịá,n.,cleanliness
fịáfịághanyẹ́ẹ,n.,unpleasant action
fịáfịányẹ́,n.,clean article
fịáfịáma,v.cs.,make clean; purify
fịáfịámáa,adv.,[?] truly
fịbị́,v.,dry up (as water in a pot)
fị daá,v.p.,insist
fịghịfịghị,n.,saw
fịị́,v.i.,die; break (by itself)
fịáarịbọ́,n.,one who is dying
fịbọ,n.,dead person
fịdụ́a,n.,corpse
fịfịgháa,a.,unbreakable; unable to die
fịfịnyẹ́,n.,"breakable article, such as a plate"
fịgháa,v.,not broken
fịị́,2. n.,death
fịbụ́ụsagḥị́,n.,resurrection
fịkọ́mangọ́ọ,n.,bequest
fịlā,n.,saliva; spittle
fịlā ńgúmá,v.p.,spit out
fịnā,v.t.,tie; bind; wrap
fịnị́,n.,firewood; fire
fịnị́,v.,stay; remain
fịnị́bárá,1. n.,act of staying; act of leaving
fịnị́bárá,2. n.,shape; state tụmbọ́ fịnị́bara [meaning?]= image
fị̀nị́ kụ́rọ́máá,v.,remain firmly
fị̀nị́bẹ́lẹ,n.,flame
fị̀nị́pághára,n.,splinter of wood
fị̀nịkị́rị́,n.,station; rank
fị̀nỵ́ẹ́,n.,dead thing
fị̀nỵ́ẹ́,n.,food
fị̀nỵ́ẹ́ fọ́,v.p.,struggle for food (as is done by children)
fị̀nỵ́ẹ́ fọ́,v.p.,roast food
fị̀nỵ́ẹ́ pị́rị́,v.p.,feed; give food
fị̀nỵ́ẹ́kọ́sị́má,n.,A. digestion B. waste food
fị́ọ́nyẹ́sẹ́,v.,guarantee
fị́ọ́nyẹ́sẹ́bọ́,n.,guarantor; a person who guarantees
fịrị́,n.,work; service; duty
fịrị́máá,v.,send; despatch
kụrọ́máá fịrị́máá,v.p.,order
fịrị́ nwangị́,v.p.,work
fịrị́nwangị́bọ́,n.,servant; labourer; worker; workman fịrị́nwangị́apụ́
fị́tụ́rụ́,n.,bread
foí,n.,in-law i foí my in-law
foín,v.,swell (= fị́ị́)
"fomú, fomí",v.,flog
fomunyẹ́,n.,rod; whip
fọ́ngọ́ló,v.,make a circle; move round
fọ́ngọ́ló,n.,circle
fọ́ngọ́ló,a.,round
fọ́,v.,struggle for one's share
fọ́bạrabụ́rụ,n.,roasted yam
fọ́fị́ ọ́bẹ́ẹ,n.p.,"African pear; native pear, Dacryodes edulis (G.Don) H.J. Lam BURSERACEAE"
fọ́fọ́báá,adv.,seven days forward
fọ́ngọ́,n.,cockle shells
fọ́ngụ́,n.,rainy season
fọ́njụ́,n.,pipe (for smoking)
fọnjụ́jụ́bụ́dírí,n.,tobacco
fọnọ́,v.,pull; drag
fọnyá,v.,scramble
fọọ́,v.,roast
fọọ̣́,n.,ashes; dust
fọrọ́kọ,n.,singlet
fọrụ́,1. n.,wind; breeze
fọrụ́-ákpa,n.,lungs
fọrụ́ bụ́ọ̣,n.p.,window (= wándẹrẹ̣)
fọrụ́,2. n.,cockroach
fụghú,v.,wrestle
fụkúma,n.,hook-trap (for fish)
fụkúrụ́,n.,hole in a tree where parrot lays its eggs
fụ̄rā,v.,be pregnant
fụ̄rā,n.,pregnancy
fụ̄rámáá,v.cs.,impregnate
fụ̄rō,n.,belly
"fụ̄rō-ákpa, fụ̄rōákpáá",n.,stomach
fụ̄rōápụ,n.,blood family
fụ̄rōbíé-ịla,n.,intestines
fụ̄rōsị́ị́,v./n.,diarrhoea
fụ̄rōsị́má(gárị́)dírị́,n.,purgative medicine (from the fresh young leaves); has yellow fruit like apple; eaten by hippos (Euphorbia heterophylla Linn. EUPHORBIACEAE)
fụ̄rō sụ́ghụ,n.p.,abdomen
fụ̄rō sụ́ụ́,n.p.,constipation
fụ̄rọtụwọ,n.,freeborn as opposed to slave
fụ̄rụ́,v.,steal
fụ̄rụ́,n.,theft
fụ̄rụ́bọ̣́,n.,thief fụ̄rụ́ápụ́
fụ̄rúma,n.,mullet sp.
fụ̣,n.,salt
fụ̣bárá,1. n.,forehead
fụ̣bárá,2. n.,luck
Fụ̣bárá-álálị,n.,Ibanị (Bonny) yearly festival
fúghú,v.,be in a state of readiness
fúló,n.,soup
fúmí,v.,faint
fúrū,v.,smell bad; stink
fúsání,n.,alligator pepper (Aframomum melegueta ZINGIBERACEAE)
"G, g",,
gáịnmaá,v.,advise
gáịnmaá,n.,advice
galagalá,v.,scatter
gálágálámaá,v.cs.,scatter
gánágáná,v.,shake body to express depression
"gángáas, gángásị",n.,"barrel (<English 'gang-cask' ""a water-cask used on board ships"", recorded from 1779)"
gbáa,v.,relate (story)
gbákị,v.,break by force
gbálā,v.,catch fish in a fence
gbalágbala,adv.,not at all; no
gbalagbálányé,n.,worthless goods
gbálị,v.,cure; heal; feed [?]
gbálịbárá,n.,"act of feeding, healing, curing"
gbám,a.,small; little
gbámásó,n.,eternity
gbaná,v.,go aground (as canoe)
gbanā,v.,put up
gbárángbárá,n.,pan; tin
gbarị,v.,miss
gbásará,v.,narrate
gbásị,n.,equality
gbásị,v.,be equal gbásịágha not equal
gbásịmaáa,v.,make equal; equalize
gbéré,num.,one (qualifying) gbéré wárị one house
gbéré kíríkiri,adv.p,at once; immediately
gbérẹ́nyẹ́,n.,one
gbérẹ́ sáa,adv.p,instantly; once
gbẹrẹpumá,v.cs.,startle
gbẹẹ́,1. v.,give title to good or bad reputation [unclear!]
gbẹẹ́,1. v.,cover; close; shut
gbẹẹ́,2. v.,grind
gbẹẹ́,3. v.,pay; repay
gbẹẹ́nyẹ́,n.,wages; reward
gbẹẹ́,4. v.,fit; suit
gbẹnịgbẹnị,v.a.,soft
gbẹnyịnámá,n.,amphibian(s)
gbẹrẹ́sẹ́ápu,n.,race (of people)
gbí,1. v.,sew; dress (masquerade)
gbí,2. v.,throw; stone; pierce (fish)
gbílã,v.,question; ask
gbígírí,n.,squirrel
gbírí,v.,fence; surround
gbísírí,v.,come out of order; slip (of foot)
gbógbō,v.,hack (person or animal with knife)
gbólō,1. v.,sound
gbólō,2. v.,touch; beat
gbólōárọ́,n.,first daughter
gbolomá,v.cs.,[root?] put together; make to be together
gbóm,n.,bell
gbóō,v.,invoke
gbórī,v.,walk round; walk to and fro
gborogboró,a.,big; plenty; many
gbósō,v.,walk from door to door
gbọ́lụ̄,v.n.,knock on the head
gbọ́ọ̄,1. v.,peck
gbọ́ọ̄,2. v.,dish out (food); pick out something from the frypan or pot
gbọ́rọ́,a.,whole
gbọ́rọ́nyẹ́,n.,whole thing
gbulú,v.a.,be short
gbulú,n.,mullet sp.
gbúnúnú,v.a.,be straight
gbúnúnúmaá,v.cs.,make straight; straighten
gélégélé,adv.,plainly
gée,v.,write
géégée,a.,printed
génye,n.,writing
génígénínye,n.,fancies
gẹregẹre,a.,breaking up into small bits
gídi,n.,"Nile monitor lizard, ‘iguana’; (Varanus niloticus)"
gígi,n.,"gig, a light, narrow, clinker-built ship’s boat - it (recorded in English from 1790)"
gígiawo,n.,those who paddle a gig
gígí,1. v.,walk upright
gígí,2. a.,tight; stiff; rigid
gígíma,v.,stare
gígímaá,v.cs.,make stiff; tighten
gílọ,n.,one who sings with melodious voice
gogó,n.,namesake
góọ,v.,read
góọbọ,n.,reader
góọdíri,n.,book
góọdíri-ọrú,n.,verse
góọdírisịbị,n.,chapter
góọyọ,n.,chapter
góọlu,n.,gold
góṣị,n.,purpose; reason; sake
gogí,v.,sit on a high seat; sit up
gógo,n.,duck
gọlị,v.,abuse
gọlịbịpị,n.,abusive word or speech
gọníkákị,n.,yam-beetle (Polyphaga spp. SCARABAEIDAE) (= ébē)
gọọ,v.,repeat a word twice or more
gúgú,v.,shake; dust off
gulugulú,v.,waste
gúlúgúlúmáá,v.cs.,waste
gunú,v.,grumble
gúnū,v.,go sour
gunugunú,1. v.,shake (of the body)
gunugunú,2. n.,gesture
gúrō,v.,scrub
gúà,v.,mix
guáguá,a.,multi-coloured [?]
guamagúáma,a.,mixed [?]
gúámkóró,adv.,casually
gúlá,n.,chief's special store where he sometimes retires and stores his goods
gúlábíē,n.,"A. store, treasury for chiefs B. petty articles for presents C. a name"
gúō,v.t.,heal; cure
"I, i",,
i,,see ị
í,,see ị
ibembe,n.,porch
ibíī,v.a.,"be good, fine, pleasant, fair, nice; Ibi lámam (It) is very good, very fine, etc.; Ibi síím/símaám (He/She/It) is excellent."
ibiamíénye,n.,good manners
ibi-ángā,n.,amity
ibi dúmá,n.p.,good health; good life
ibi fúbárá,n.p.,good luck
ibikarí,n.,blessing
ibikarísúó,n.,blessing; good fortune
ibikíní ínégha,phr.,It is beautiful/excellent. [get in context for type of phr.]
ibi kúkúbíé,n.,favourable mind
ibisuó,n.,good fortune
Ibi Témé,n.p.,Holy Spirit
íbílá,n.,mat
íbílí,n.,grey hair
ibímá,adv.,well: Anị ibima? Is it well?
ibiní,n.,locust
ibinibini,n.,carved object used as a toy or as an object of worship
ibinyẹ,n.,goodness
ibi saa,adv.p,early; in good time
ịberí,a.,far away: Égérẹ́ má ị bụụ berím What you are saying is far from me (far from my understanding). [adv.?check usage]
íbó,v.,turn upside down
iderimáa,v. [?],go downward [?] [check if ideri exists in isolation]
igbé,n.,box
"igbéfíndínyẹ́, igbéfínjínyẹ́",n.,key
igbighi,n.,money; coin
igbighi fí,v.p.,misappropriate funds
igbighifị,n.,misappropriation of funds; embezzlement; defalcation
igbighikokobọ́,n.,treasurer
igbighikowárị,n.,bank (for money)
igbighi lá,v.p.,"be valuable, costly"
igbighilanyẹ́,n.,valuable article
igbighisịbị,n.,capital (in business)
igbo,n.,masquerade
ígídáa,n.,star apple (Chrysophyllum albidum G Don and C. delevoyi De Wild. SAPOTACEAE)
igilakọm,n.,honour
igilakọm,a.,honourable
igilakọnbọ́,n.,honourable person pl. igilakọnápụ
ígó,n.,waist [same as kunju?]
ígóbọ́lị́bọ́lị́,n.,firefly
igodó,n.,lock; padlock
igomá,n.,waste; use up unnecessarily or lavishly
igoni,n.,hospitality
igonibọ́,n.,stranger; guest (pl. igoniapụ́)
igoni kọọ́,v.p.,entertain strangers
ígónyí,v.a.,be (very) poor
ígónyíbọ̀,n.,poor person; pauper (pl. ígónyíápụ̀)
Igu,n.,masquerade
igúanga,n.,money (= igbighi)
ííín,excl.,yes
íjē,n.,"silk-cotton tree (family BOMBACACEAE) (= síkákā, óhō))"
ijighila,n.,head-pad
ijika,n.,water; liquid; fluid
ijikelé,n.,rum; gin; alcohol; liquor; spirits
ijima pẹlẹ,v.p.,accompany (as instrument); sing a supporting part in a musical performance
ijina,n.,ray of sun; sunbeam
ijuruma,n.,ram; male sheep
ijuwá,a./ad v.,"complicated, in pieces, not in order"
iju mangí,v.p.,parade around the town in a cultural ceremony
ikelekelé,v.,wander round
ikelemá,v.,go round; circle; surround
ikeré,n.,act of surrounding
ikeré,v.,be twisted
íkérẹ́,v.,bark (as dog)
íkí,v.,overawe
íkíbá,a.,half; a fathom of cloth
íkíbá fị́nị,n.,"large firewood log, cut to lay across the fireplace"
ikilí,n.,"fish sp., probably sleepers (family ELEOTRIDAE)"
ikiri,v.a.,"be blunt, not sharp"
íkírí,v.,creep; crawl; struggle for existence
íkíríkó=íkítíkó,n.,wooden slit-gong with two holes (cf. ékéré)
íkírímá,v.,persevere; tolerate; endure
íkírímábọ̀,n.,one who can tolerate pain
íkírínga,n.,harmattan
íkólí,n.,chain; also used as a name
íkólíbághụ́nyẹ,n.,hammer
"íkólíbọ̀, íkólínábọ̀",n.,"prisoner (pl. íkólíápụ́, íkólínápụ́)"
íkólí sụá,v.,imprison
íkólíwárị,n.,jail; prison
ikolokolo,n.,fish found in fresh water
íkólókolóo,v.,pick; gather
íkónángadaná,n.,joint of hand or foot
íkó,v.,fold
ikoro,n.,large cylindrical slit-gong used for announcements or to call assemblies
ikpepú éférẹ,n.p.,covered dish
"ikpighikpíí, ikpikpí",n.,owl
íkpúkúrú,n.,"herb used for fungal infections, umbilical healing, cough, etc. (Bryophyllum pinnatum (Lam.) Oken CRASSULACEAE)"
ikpuru,n.,silence; muteness
ikpuru súá,v.p.,be silent; keep mute
íkpúrụ,n.,jigger (Tunga penetrans family SIPHONAPTERA)
íkú¹,n.,jaw
íkú²,n.,rock under water
íkū,v.a.,"be heavy, weighty, thick (of cloth)"
íkúbạ,n.,"national god of Bonny, whose sacred animal was the “iguana” or monitor lizard (Varanus niloticus)"
"íkúlá, íkúlé",v.a.,"be lame, crippled, disabled"
"íkúlá, íkúlé",n.,lameness; physical disability
íkúlábó,n.,"lame, disabled person; cripple"
íkulée,n.,Black Kite (Milvus migrans ACCIPITRIDAE)
íkúlélū,n.,iron
íkútúní,n.,joint of the jawbone
ile,n.,tree (Uapaca guineensis or heudelotii EUPHORBIACEAE)
ilighi,n.,rope for fastening head-mask to the body
ílíghíma,n.,mark; sign
iloma,n.,anchor
ílolóo,n.,plum
ílúghū,v.,shout
imi,n.,manatee (Trichechus senegalensis TRICHECHIDAE)
ímií,v.i.,be present; remain
ímímáá,v.cs.,squeeze out water; wring
ímímé,n.,finger- or toe-nails
imine,n.,throne
ímō,n.,sweat
íne,v.aux,be able
íní,num.,four
"íníghí, íníí",n.,deafness
ínííbó,n.,deaf person (pl. íníápú)
inighimáa,n.,patience; perseverance
inighimáa,v.a.,be patient; persevere
íníí see íníghí,,
inimi-mgbamgbámgba,n.,"fish sp., Royal Threadfin (Pentamenus quinquarius POLYNEMIDAE)"
íníne,num.,eight
ínínéá sí,num.,"one hundred and sixty (8 x 20, or eight score)"
inini,n.,assassination
inini kọ́,v.p.,assassinate
"ininikọ́bọ́, ininíbọ́",n.,"assassin (pl. ininikọápú, ininiápú)"
inomá¹,v.,cheat; swindle; defraud
inomá²,v.,overcome; conquer
ínyé,pron.,yours; your own (singular)
ipilepilé,v.,wave a burning brand Ọ fịní má pá ipilepilearị He is waving a burning brand to show the way
ípíléílé,n.,cruciform whistle
ípíléílényé,n.,stick used in making ípíléílé
írí,n.,thread
írí,v.,"dry (in the sun); smoke (fish, meat)"
írí,v.,stray; miss one's way
írí,v.,do something bad
irimá,n.,act of making a mistake; mistake
irisé,n.,storm
író,v.,tell a lie
író kọ́,v.p.,gossip; reveal secret; betray one's trust
írókọ́,n.,treason
írókọ́bọ́,n.,gossiper; talebearer; traitor (pl. írókọápú)
írónyé,n.,lie(s); falsehood; fabrication; perjury
írò-órúfị,n.,perjury [v.p. from which derived?]
iru,n.,wine; drinks
irusughú,n.,"bottom of a bottle of drink, traditionally drunk by the oldest man present"
ịsagha,n.,"bunch (of plantains, coconuts, etc.)"
ísé,v.,cut grass; weed; shave
ísī,dem.,the other
ísībọ́,n.,other person
ísī énée,n.p.,the other day
ísī ńgáa,n.p.,the other place
ísīnyé,n.,the other thing; the other one
ísī ọ́gbọ́ọ,n.p.,the other chance; the other time
ísī pághára,n.p.,the other part
ísī sáa,n.p.,the other time
ísī yọ́ọ,n.p.,the other place
ísíbírí,n.,"""alligator"", Dwarf Crocodile (Osteolaemus tetraspis)"
ísídírí,n.,plant sp. or its leaves
Isigu,n.,name of a god
Isígụba,n.,daughter of Isigu
isīī¹,v.,swell
isīī²,n.,waves; billows
ítī,n.,rain
ítīmíngi,n.,rainwater
itilá,n.,laziness
itilá,v.a.,be lazy
ititá,n.,dew
itu,n.,crowd; host
itumo,n.,multitude
itúrụ,n.,"large seabird, probably the Pink-Backed Pelican (Pelecanus rufescens PELECANIDAE)"
íwō,v.,go up; disembark
íwóma,v.cs.,go up; raise up
"Ị, ị",,
"ị, ị",pron.,(harmonizes with following word) me; my: ị daa my father; ị nyingi my mother
"ị, ị",pron.,(harmonizes with following word) you; your ị daa your father ị nyingi your mother
Ị báámá,,Good morning (lit. Have you broken the day?)
ị mịẹ́bám,,Thank you (lit. You have done (well))
ịbaá,n.,conspiracy
ịba fịị,v.p.,gang up to ruin someone
Ịbanị,p.n.,Bonny people; the Bonny dialect
ịbolị,n.,freshwater fish species
ịga,n.,unwillingness; strong refusal
ịganángị,n.,thorn of cane
ịganị,v.,"be angry, annoyed, vexed; Ịganị má don't be annoyed"
ịganị,n.,anger; annoyance; vexation; provocation
ịgba,n.,amulet
ịgbá,n.,drumming style; dance that accompanies it
ịgbánị,n.,piles
ịgbá sẹ́ngị,v.p.,cut into very small pieces
ịgbánị,v.,ask for; engage; claim
ịgbọ̄,n.,net
ịgbụ,n.,fish sp.
ịgbụrụbụ́,n.,gullet; oesophagus
ịgịlã,n.,gong (cf. ẹ́kẹ́rẹ́)
ịgọ,n.,flat brass arm bangle
ịgua,n.,sacrifice
ịgua gụá,v.p.,sacrifice
ịgụá,n.,concubinage; small dowry marriage
ịgụábọ́,n.,woman married on the small dowry system; small dowry wife; concubine (pl. ịgụáápụ́)
ịjã,n.,jack-fruit (Artocarpus heterophyllus Lam. MORACEAE)
ịkákị́,n.,A. tortoise; B. (fig.) hunchback
ịkákị́ bítẹ,n.p.,cloth to be worn by a bride
ịkákị́ óbíí,n.,hunchback disease
ịkákí súá,v.p.,suffer from hunchback
ịkákō,n.,ashes (cf. fọ́ọ́)
ịkángí,n.,"fish, Sompat Grunt (Pomadasys jubelini HAEMULIDAE =POMADASYIDAE)"
ịkara,n.,crawcraw
ịkarị,n.,anklebone; wristbone
ịkasị,n.,seat; chair; stool
ịkasị,v.,lock; button up; build canoe; make coffin or box; load gun
ịkẹ́ngị́ị́,n.,lightning that accompanies thunder
ịkịá,n.,prophecy
ịkịánị̀,n.,scent-leaf (Ocimum gratissimum Linn. LABIATAE)
ịkọnyị,n.,plant sp.
ịkọlị́,n.,swimming crab (Callinectes spp.)
ịkọmaịkọ́má,v.,"be not straight, crooked"
ịkọ́ọ́,v.,bend
ịkọ́ọ́,a.,bent
ịkọrọngọ,n.,human head
ịkọrọọ,n.,"cockles (shellfish), Anadara or Cardita spp."
ịkpá,n.,fish spring trap; mechanical contrivance used for suffocating people
ịkpákị́,n.,pebbles; stones; rocks
ịkpangị,1. n.,horn
ịkpangị,2. n.,branch; twig
ịkpápụ̄,n.,penknife
ịkpẹrẹkị́,v.,kneel
ịkpụụ́,n.,knot
ịlá,n.,coral bead
ịlịlá,n.,veranda
ịlọ¹,n.,pelvis
ịlọ²,n.,summons
ịlọ ọgbọ́,v.p.,summon
ịlọgbọbọ́,n.,plaintiff; complainant
ịlọlị́,a.v.,be dirty
ịlọlị́,n.v.,dirt; stain; grubbiness; filth
ịlụ,n.,crevice; chink; hole
ịlụụ́ma,n.,type of large mudfish
ịmọnọ ịmụnú,n.,Cola edulis ?monkey kola
ịmụkụ,n.,thrift; miserliness
ịmụnụmụnụ,n.,young leaves of the palm tree
ịnịá,1. n.,my son
ịnịá,2. n.,son's namesake
ịnịghịmaá,n.,patience
ịnọ,n.,sore (on body)
ịnụ,1. n.,scarcity of food; hard season
ịnụ,2. n.,dry yam
ịnyaa,n.,plantain
bịghịnạ ịnyaa,n.p.,banana (lit. 'European plantain')
ịnyọ,n.,breath; strength; zeal
ịnyọ ákị́,v.p.,take rest; pause
ịnyọ bạ,v.p.,rest; pause
ịnyọ faá,v.p.,be tired
ịnyọfaá,n.,fatigue; weariness; weakness; tiredness
ịnyọ pá bịé pịghịma,a.,suffocating
ịnyọ sárá,v.p.,breathe; rest
ịnyọsárá-ákpáa,n.,lungs
ịnyọsárághá,a.,restless
,n.,restlessness
ịnyọsárángá,n.,resting place
ịnyọsáráyọọ,n.,resting place
ịnyọsụá,a.,full of strength; powerful
ịpọrị,n.,"general term for all body hair, usually differentiated into ẹwẹlẹ (beard plus moustache), sịbị́ númọ (hair on head)"
"ịpụghọ, ịpụọ",n.,feather; plume
ịrị,pron.,"I, me ịrị ịrị It is I"
ịrị,pron.,you ịrịị It is you
ịrị,n.,"blade, native razor"
ịrịa,n.,"ceremony performed by girls from the age of 14 onwards, prior to or at marriage"
ịrịabọ́,n.,girl who has recently performed the ịrịa
ịrịanabọ́,n.,girl who is at the early part of the ịrịa ceremony
ịrọ,v.,to roast (as bread)
ịrū,a.v.,"be small, not much"
ịrụá,n.,sun
ịrụọ,v.,roast by the heat of fire
ịsá,n.,nerve; vein; fibre
ịsárám,n.,tassel
ịsẹlẹmá,n.,mudskipper (family PERIOPHTHALMIDAE)
ịsịlá,n.,worm (parasites of the eye and tooth)
ịsọ,n.,mouse
ịwọ,v.a.,"be new, young, fresh; ịwọ ịnyọ new strength; ịwọ ńyẹ new thing; ịwọ nji fresh fish; ịwọ bárá change; change into new way; ịwọ kụrá new year"
ịwọ,p.n.,personal name
ịwọma,adv.,newly
ịyẹrẹwẹ,n.,market (within the township)
ịyọọ,a.,easy; comfortable
ịyọọ,v.,be in favour
ịyọrọ,n.,favour
ịyọrọ,a.,A. female (animal or bird) B. (fig.) peaceable; gentle; gradual
ịyọrọ bárá,adv.p,in a peaceful manner; peacefully
ịyọrọma,adv.,peaceably; peacefully
"J, j",,
járíkó,n.,"bird sp., African Skimmer (Rhynchops flavirostris RHYNCHOPIDAE)"
jéé,num.,fifteen
jẹ́,dem.,another
jẹ́nẹ́wárị́má,n.,adjournment
jẹ́ẹ́ ápụ́,n.p.,other people
jẹ́ ńgáa,adv.p,elsewhere
jẹ́ sáa,adv.p,again
jighé,v.i.,shake (by itself)
jíghémaá,v.t.,shake (something)
jú,n.,distant place
júwó júwó,n.p.,each other; one another
"K, k",,
ká,v.,tear; expose; rend; burst; demolish
káákáa,a.,ruptured; broken
kaakanyé,n.,torn ones/things kaa sómám it is torn off
kabu,n.,parable; proverb
káká,v.,"tie (rope, bundle, head tie); moor (canoe)"
kakanyé,n.,bundle; parcel (cf. púghú)
kálā,a.,small
káláámá,n.,village
kálá awómápu,n.p.,little children
kálá bíē,n.p.,small room
kálábíé,n.,bedroom (= múnōwáríbie) [Is this different from the preceding word?]
kálá éléléndē,n.p.,lime (fruit) Citrus aurantifolia (Christm.) Swingle
kálá míngi,n.p.,neap tide
kálá ōwútúwó,n.p.,boy; son
kálá saa,n.p.,little time
kálá tuwo,n.p.,baby
Kálá fení íbí éne,n.p.,Tuesday
Kálá ōrú éné,n.p.,Saturday
Kálátílíbō,n.,name given to the fourth son of the family
kam,,see kamu
"kamu, kam",n.,quarrel; palaver
kam koró/sóó,v.p.,quarrel
kambalá,v.,lie flat on the back
kámbúló,n.,"hairy crab that lives in swamps, mangrove crab; grapsid crabs including Sesarma, Goniopsis, and Metagrapsus"
kana,,see nkana
kaná,v.,go round; pass round
kánákáná,n.,darkness
kanyé [cf. with next?],v.,understand
kanyá [cf. with above?],n.,understanding
kanya bó,v.p.,come to understand
kárá,v.t.,sharpen (stick); carve (felled tree into canoe); prepare (chewing-sticks)
káárá,a.,"correct, complete = Is it correct? or is it complete?"
kárām,,complete; correct It's correct/complete [word or inflected form of verb?]
kárámaá,v.t.,complete
karakárá,v.a.,"be perfect, right, correct"
karakárábérékọ,n.,justice
karakárá íbíámienyé,n.p.,righteousness
karakárányé,n.,truth
karakáráa,v.,be ready [imperative?]
karakárámá,1. v.cs.,complete; make ready
karakárámá,2. adv.,truly
karị,v.,pray; invoke; curse; swear
karị ibí,n.,blessing
karị íbíma,v.,bless
karị súó,n.,blessing; fortune
kékē,v.p.,store
Ke,p.n.,town of Ke
Keni,p.n.,people of Ke
kẹbẹ,v.,affect; infect
kẹbẹ,a.,infectious
kẹẹ,,see gẹẹ
kẹlē,excl.,please (give me a little)
kẹngẹ,v.i.,spark
kẹngẹ,n.,crab sp. seen on mud
kẹnị,v.,crack (nuts); cut up or butcher slaughtered animals
kịárā,,see kịárō
"kịárō, kịárā",n.,"seabird, probably the Common Tern"
kịemáa,v.,avoid
kịkí,v.,prevent Kịkí má Don't prevent
kịkịnyẹ́,n.,hindrance
kịkịnyẹ́,n.,prevention; shelter; partition
kịkịnyẹ́,n.,that which may bring hindrance
kịkíbíényẹ́,n.,that which may bring hindrance
kịkíá,v.a.,be near; Kịkíámám It is near
kịkímaá,v.cs.,hide; cover; keep in a secret way Kịkíma má Don't hide/screen/shed
kịkímanyẹ́,n.,screen
kịngí,n.,knife
kịrī,n.,A. land; ground; soil; earth; B. position; office; C. chance; opportunity; kịrī ōfōrī no last
kịrī ákị,v.p.,take land
kịrī-árụ́,n.,land vehicle
kịrịbíē ṇgọ,n.p.,mineral
kịrī-ịṣẹ́bịṭẹ,n.,carpet
kịrīmangịnyẹ́,n.,bicycle
kịrī-ōdōdō,n.,earthworm
kịrī-ōnwịárụ,n.,train; locomotive engine; steam engine
kịrī akị,v.p.,take place; succeed
kịrī-ákịbọ́,n.,successor
kịrī fịna,v.p.,grow slowly
kịrīfịna,n.,slow growth
kịrīfịṇẹ́,v.p.?,be present
kịrīfị-ọ́kụrụ,n.,pawpaw
kịrīfōfō,n.,"bird sp., perhaps the White-Spotted Flufftail (Sarothrura pulchra RALLIDAE)"
kịrịkịrị,adv.,instantly
kịrī-ọ́kọ́lọbị,n.,"small bird, the Orange-Cheeked Waxbill (Estrilda melpoda ESTRILDIDAE)"
kịtịkō,n.,snake sp. with black body
kịị,v.,tap (e.g. palm-wine)
kịẹ́¹,v.,count
kịẹ́²,v.,"pluck, pick (fruits or vegetables)"
kịẹbịpị́,n.,numeral
kịẹnyẹ,n.,account(s)
kịẹ gbólóma,v.p.,add (together) together
kịẹ síí,v.p.,subtract
kịká,v.,resemble
kịlárị,n.,coral beads
kịlárịmgbẹ́,n.,conger eel
kịlẹ,v.,be saved through a brave deed brave deed
kịnã,v.,ferment (of rotting fish or meat)
kịnị,n.,person (pl. tumini)
kịnị bá,v.p.,commit murder
kịnịbá,n.,murder
kịnịbábó,n.,murderer
kịnị dá,v.p.,imitate
kịnị mámgbba,n.p.,everyone
kịọnkịọ,v.a.,very clean (e.g. water)
kịrị,v.,slice; pare (e.g. nails)
kịrị,v.a.,"be different Kịrịm It is different kịrịgháa It is not different, the same thing"
kịrịkịrị,v.a.,"be various, different, unlike"
kịrịkịrịnyẹ́,n.,"various articles, actions"
kịrịmaá,v.cs.,separate: Kịrịma wẹrị Keep (them) separately
kịsị,v.,sneeze
kịsị,v.a.,"be small, little, at an early age"
kókóbáa,adv.,five days forward
kókóma,n.,dance
kómbõ,v.,tease
kori,n.,rope used for making fish fence
kóró,v.i.,go down; alight; descend; land (from canoe)
kórómaã,,see kórómaá
"kórómaá, kórómaã",v.cs.,put down; make fall; lay (eggs)
kọgbólómaá,v.p.,make peace between two or more persons
kọlị,n.,corner
kọlị́,n.,wedge for drum to tighten skin (=ábára)
kọlọ,v.,cough
kọngọ,n.,neck
kọngọ-ọbụdụ,n.,nape of neck
kọọ¹,1. v.,speak
kọọ²,2. v.,judge; bẹrẹ kọ judge a case
bẹrẹkọ,n.,litigation
kọ bá,v.p.,win in a case
kọọ³,v.i.,be left; remain
kọmá,v.cs.,leave portion; let some remain
kọnyẹ,n.,remaining part; remainder
kọọ⁴,v.,fish with a fish-trap
kọọ⁴,n.,fish-trap
kọnyẹ,n.,fishing with a fishing fence
kọnịnyẹ,n.,bait
kọpụ,a.,full (of tide)
kọpụ,n.,full tide
kọrị¹,v.t.,seize
kọrị²,v.i.,blaze or burn as fire
kọrịfịnị,n.,fire
kọrị³,v.,lead a bride or masquerade in play
kọrịbọ,n.,person who leads a masquerade
kọrọ¹,n.,wine palm (Raphia vinifera PALMAE)
kọrọnáírú,n.,tombo; palm-wine
kọrọ²,n.,"horn of animal, such as cow, used for drinking water or wine; a drinking cup made of horn, ivory, or bone"
kọrọnámá,n.,bull
kọrọ,v.,chip; scrape
kọrọ mgbọlụ,n.p.,fruit of the wine-palm tree (= mgbusú)
koromá,v.,consider; think; recollect
koromá,n.,consideration; thought; opinion; conscience
kọsị,v.,pound; grind to powder; smash
kọsịgháa,v.,not ground to powder
kọsịmáá,v.cs.,crush to pieces; mash
kpáị,v.,make perfect
kpángịrị,v.,fry
kpápụrụ,v.a.,be narrow
kpé,v.,snood hook
kpéẽ,v.t.,plait; síbị kpé plait the hair
kpóõ,v.,A. clench the fist in readiness to box; B. knead; roll (gari)
kpókpó kírĩ,n.p.,hill
kpoó,v.,congeal; thicken (of liquid)
kpọ bá,v.p.,hang by the neck; kill by hanging - it [Does kpọ occur alone?]
kpọghọrọ,v.,drag
kpọlị,v.a.,be lean or wanting flesh
kpọlị,v.,climb; scale (with ladder)
kpụrụ,v.a.,be bald
kpụrụ síbị,n.p.,bald head
Kráistbẹrẹ,n.,Christianity
kubirí,v.i.,gather together (e.g. of people); be gathered; be together
kubiriogbó,n.,gathering
kúbirí,v.t.,gather (people or things) together
kúbirí dẹrị,v.p.,sell wholesale
kúbirikúbiri,n.,turkey (Meleagris gallopavo)
"kúghu, kúu",n.,cocoyam
kuku,n.,back (of person) (= ọbụkú)
kúkúbíé,n.,chest
kúkúbíé-mịgbọlụ,n.,heart
kumbu,n.,axe
kunju,n.,waist; hips
kunomá,n.,end
kunú,n.,root
kúrũ,v.,keep watch; wait; tarry
kúrũbọ,v.,watcher; waiter
kurúkurú,v.,"fish sp., African moonfish (Selene dorsalis CARANGIDAE)"
kúrúkúrú,v.a.,be black
kúrúkúrúbọ,n.,black person
kuú,v.t.,catch; trap; ensnare
kúu,,see kúghu
kụã,v.,amend
kụkọ,n.,testicles
kụkọ akpa,n.p.,scrotum
kụkụmá,v.a.,be compacted
kụlọ,n.,bows; the front of a canoe
árú kụlọ,n.p.,bows of a canoe
kụlụkụlụ,v.a.,"be drying (of water), ebbing"
kụma,conj.,but
kụmẹkụmẹ¹,v.,walk like cat (quietly)
kụmẹkụmẹ²,n.,medicine made from roots - it [check this word fully; it was mixed up with preceding]
kụmẹrẹ,n.,"feline; all animals of the cat family, such as cat, leopard, etc."
kụnẹ,v.,stalk
kụnẹ,n.,stalking
kụnụ,v.,give off odour
kụrá,v.,agree
kụrá,n.,year
kụrá dẹ ányịnya,,fern brought into house at Christmas and discarded at the New Year to carry away evil from the house
kụráfíni,n.,"bird, probably the Hoopoe"
kụrákịfíni,n.,"bird, probably the Red-Bellied Paradise Flycatcher - it [Check whether this refers to a different bird from the preceding, or whether they are two forms of the same name]"
kụrọ,v.a.,be strong
kụrọmẹnị,n.,muscle; sinew
kụrọ wárị,n.,fortress
kụrọ,n.,strength
"L, l",,
láá,1. v.,reach; arrive
láá,2. v.,cost; be valued at; be worth
láágháa,a.,worthless
nyẹ lá,v.p.,"be costly, valuable, dear, expensive"
láábárá,see,
láábírí,,
láábárá,n.,value; cost; price
"láábírí, láàbárá",n.,length (of measurement)
láábípí,n.,price; value; cost (= láànyé)
láákírí,n.,position
láànyé,n.,price; value; cost (= láàbípí)
"lágá, alágā",n.,needle
lákpō,n.,bile; gall
"lámáá, lámā",v.t.,touch; taste; wound
bípí lámá,v.p.,taste
lélémáá,v.,open wide; disclose
lēē,v.,become weak through hunger
lēghēlēghē,v.a.,be weak
lēgí = kporọfínị,v.,sit down
lēlēgínị,v.,recognise
lēlēm,v.,not hidden; uncovered
lēē,n.,third generation; offspring; grandson
lēē,v.,become weak through hunger
lēlē,v.,work hard for a living
lílíí,v.t.,recognize
líá,n.,broom
líka,n.,mud
lílō,v.a.,be tired or weary through hunger
lípílípí,n.,confusion resulting from a sudden happening
"lóghū, lówū",v.a.,be soft
lolíá,n.,star
lólō,v.,yield in abundance; multiply
lólómáá,v.,pet; adore
lólóma kúkúbie,n.,adoration
lópō,n.,abdomen
lọrịlọrị,v.a.,delicate; soft; glossy as silk
lọgịrị,n.,shellfish or piddock
lọghụlọghụ,v.a.,be soft; be properly ripe
lubiri,n.,deep part of the water or creek
lughū,n.,jaw
"lúghú, lúú",n.,fable; folk-tale
"M, m",,
má,part.,the
máā,neg.,do not; don't (particle indicating a negative command)
máāmgbá,dem.,this (feminine); these máā bóọ this woman; má māmgba all these
mámgbá,quant,all
mánámánányẹ,a.,many
mangị,v.i.,run
mángímáá,v.,respect; honour
masịbị-ódódo,n.,"snake sp., Calabar Ground Python (Charina reinhardtii BOIDAE)"
másịsị,n.,matches (<English)
mba,n.,"power, strength"
mbánā,n.,plantain (= ịnyau) (Musa Linn. MUSACEAE)
mbelembelé,v.,roam
mbẹẹsọ,intro.,even then
mbólómboló,n.,small child
mbẹ,n.,faults
mbị́,n.,A. nut (general word) B. coconut
mbị́púló,n.,coconut oil
mbịré,n.,brother
mbịreowí,n.,brother
mbịakpa,n.,maize; corn (Zea mays Linn. POACEAE)
mbịị́,v.,paint
mbịnyẹ́,n.,blood
mbịrá,n.,sister
mbóṣọ,n.,from midnight to 1 a.m.
mbú,n.,navel
mbúárọ́,n.,woman with big limbs or navel
mbúbọ,n.,human being
mbúrúbúkọ,n.,ape
mbúrúmbúrú,v.,murmur; speak softly; bear grudge
mbúrúmbúrú,n.,grudge
mbapa,n.,calabash
mẹnị,n.,flesh
mẹnị,1. v.t.,swallow
mẹnịgháa,,still remaining
Mẹnị,2. p.n.,name of an area that weaves cloth (Akwete area)
mẹnịmẹnị,v.a.,"be sweet, sugary"
mẹnẹ́,n.,ant (= sụnạ́)
mgba,1. n.,"jaw (= íkú, lughú)"
mgba-ngá,n.,cheeks
mgba,2. n.,pipe used in sucking blood
mgba suá,v.p.,suck blood by heat of fire or by mouth
mgbasụá,n.,act of sucking blood by heat of fire or by mouth
mgbá,v.,wrestle
mgbáfúú,n.,wrestling
mgbaá,n.,catarrh (= banyẹ́)
mgbe,n.,oyster
mgbé,n.,bone
mgbé-óbí,n.,rheumatism
mgbe akpakpa,n.,oyster-shell
mgbepelé,v.,roll
mgbe-pẹ́dị́rị́,n.,plant whose leaves are used as a vegetable (Stachytarpheta cayennensis (LC Rich.) Schau VERBENACEAE)
mgbesẹ́,v.,across [?]; obstacle or n.?
mgbí¹,n.,cannon ball
mgbí²,n.,big buttocks
mgbo,v.a.,be real
mgbo túmini,n.p.,prominent men
mgbólụ́,n.,A. fruit B. (fig.) shot kọ́rọ́ mgbólụ́ fruit of the wine-palm tree sị́ mgbólụ́ fruit
mgbonỵẹ́ẹ,n.,skewer
mgbopụmá,n.,neap tide
mgbusú,n.,fruit of the palm-wine tree (= kọ́rọ́ mgbólụ́)
mgbúkụ,n.,hard round ball of excreta
mgbụụ,n.,fruit like alligator pepper
míé,v.,make; create; urge; do
mie ákí,v.p.,retaliate
mieákí,n.p.,retaliation; vendetta
mie bíma,v.p.,fulfill
miebíma,n.,fulfillment
miebárá,n.,act or way of doing; treatment
mie bára ófóríí,n.,unmanageable
mie bára ófórí nyé,n.,that which cannot be managed
mie dúbámáá,v.,magnify; enlarge
mie fámáá,v.p.,finish
mie gbólómáá,v.p.,put together
miegbólómáá,n.,fellowship
miegbánámáá,n.,expertise
miegbánámábó,n.,expert
mie ganánámáá,v.p.,"make necessary, inevitable, compulsory"
mie ibímáá,v.p.,A. do well B. make well
mie írímáá,v.p.,offend; trespass; be at fault; make a mistake
mie-írímáá,n.,offence; trespass; fault; mistake
mie íwómáá,v.p.,renew
mie kárámáá,v.p.,complete
mie kúrómáá,v.p.,confirm; make strong
mie okú ófóríí,v.p.,be hopeless
mie sábámáá,v.p.,act excessively
miesábámáá,n.,excessive behaviour
mie símáá,v.p.,offend
miesímáá,n.,offence; sin
mie sólómáá,v.p.,make high; raise high
mie téghérémáá,v.p.,abate; bring low; degrade
míé,dem.,this
miemienyé,n.,custom (= ámámíémiénye)
mienyé,n.,deed; character
mingi,n.,water
mingi aká,n.p.,waterside
mingi birí,v.p.,bathe
mingi-fíni,n.,flying fish (Cypselurus spp. EXOCETIDAE)
mingimbóḷụ,n.,hailstone (= ítịmgbóḷụ); ice-cube
mingi saná,v.p.,sprinkle water
mingi sará,v.p.,baptise
mingisará,n.,baptism
mingigógo,n.,wild goose (family ANATIDAE)
miní,v.,agree; accept; believe; answer
minini,n.,faith; belief
mini ákị́,v.p.,admit; consent
minimíi,n.,consent; agreement
mị́mgbạ,n.,today
mị́mgbạ síghímá,adv.p,from today henceforth.
mịna,n.,relation
mịnabọ́,n.,relative; sibling (brother or sister) (pl. mịnaapụ́)
mịnafa,n.,middle finger
mịnga,adv.,here
mịmịẹ́báa,adv.p,eight days forward.
mịsa,adv.,now
mmẹ́ẹ́,num.,two
mmẹ́ẹ́ ńdẹ́ẹ́,num. phr.,eight hundred
mmẹ́ sághá,adv.p,two times; twice.
mmẹ́ sí,num. phr.,forty
mó,emph,particle used to form questions Míẽ te nyé mọ́? What is this?
mọnị́,v.,regret; covet; be envious
mṕághárá,n.,part of a whole
mṕịtákã,n.,cassava [also ḿbátákã?]
mú,v.,go
múnõ,v.,sleep
múnõnyẹ́,n.,bed; bedding
múnō-ógónọ,n.,bed
múnōwáríbíe,n.,bedroom (= kálábíé)
múnōyōọ,n.,sleeping place; bedroom
múnyé,n.,voyage
mụmbu,1. n.,mortar
mụmbu,2. n.,rank; group; class
mụmọ,n.,sandy island; a small piece of sandy land surrounded by water
mụnọ,conj.,or
mụnụmụnụ,v.p.,be smooth
mụnụmụnụmaá,v.cs.,polish
"N, n",,
na,conj.,and
na,pp.,with
naá,v.,hear
naabọ́,n.,one who hears
naá bō,v.p.,wake from sleep; resurrect
naa bōo,v.,hear and come
nalọ́ wụ́ma,v.p.,wait a bit; excuse
námá,1. v.,build
námá,n.,animal; meat; beast (used as insult)
námá-ámáa,n.,animal kingdom (= námáséẹ)
námábábọ́,n.,butcher
námábélékị,n.,A. animal fat; B. butter (=bódoro)
námá ọ́jú,n.p.,animal's body
námá ósúka,n.,"animal's hair, fur, wool"
námá-na-fíní,,"Flying Squirrel, probably Derby's Flying Squirrel (Anomalurus derbianus ANOMALURIDAE)"
námáséẹ,n.,animal kingdom (= námá-ámáa)
námá tẹ́,n.,hunt
námátẹ́bọ́,n.,hunter
nambúlō,n.,cow
naná,pp.,with (used after pronouns consisting of a single vowel); ị naná fịnáa stay
naánggáabọ́,n.,neighbours (pl. naánggáapú)
nanápalibọ́,n.,neighbours (pl. nanápalịapú)
nangá,v.,tread; trample; step on
nanga bạ́,v.p.,crush
nangị,n.,thorn
nangụọ,n.,friend (modern form of older nangịbọ)
nángụọ,v.a.,be long
nda,n.,"fish, shiny-nose; thread-fin (Polydactylus quadrifilis POLYNEMIDAE)"
ńdá,v.,turn a corner
ńdạlị,n.,wire (= wáya)
ndam,n.,yaws
ńdáma,v.,bend (stick)
Ndápa,p.n.,name given to the second daughter of the family
ndẹgẹ,n.,mullet
ndẹ,n.,gum
ndẹẹ,int.,how many?
ndẹẹ (lã),int.,how much?
ńdẹẹ,num.,four hundred
ńdó,v.,suck (breast)
ńdó,n.,breast
ńdóbípị́,n.,nipple
ńdó kụ́má,v.p.,abandon breast-feeding; wean (= ńdó síghị́)
ńdómíngị́,n.,"milk generally, but particularly a mother's milk"
ńdó pírị́,v.p.,breastfeed
ńdó síghị́,v.,take child from breast; wean (= ńdó kụ́má)
ńdómaá,n.,breast-feeding
ńdóma-ọrúbọ,n.,nursing mother
ndoó,v.,clean the rectum
ndụbá,n.,daughter
Ndụbáa,n.,personal name (female)
ndụrụ́,v.,sit with cheek propped in hands
nẹ́nẹbáa,adv.,six days forward
nẹngị́,v.,exceed
nẹ́ngị́maá,v.cs.,overcome; surpass; conquer
ńgá,n.,corner; side; part
ńgábị̄e,n.,corner
ńgá mámgba,adv.p,everywhere
ńgá pị́rị́,v.p.,go to a side or corner
ńgálá,n.,mangrove tree
ńgálá-álágbá,n.,Indian bamboo (Bambusa vulgaris Schrad. POACEAE)
ngara,n.,extortion
ńgásá,n.,side
ńgásá-ágbụ́gbá,n.,ribs
ńgásá-mị́gbẹ,n.,ribs
ńgẹ́rẹ́,part.,alone
ngịẹ́ngịẹ́,n.,small fish that eats the speat [??]
ngịa,n.,top or marble for play (=nja)
ngịá,n.,young leaves of oil-palm tree tied across shrine
ńgịálẹ́lẹ́,n.,"orphan, one who has no father (=ńjálẹ́lẹ́)"
ngịangịá,n.,palm fronds tied across shrine
ngịásịrị,n.,cosmopolitan
ngịla,n.,baby; child newly born
ngị́má,v.,"bear down, as in defecating or childbirth"
ngịrị́maá,n.,act of bearing pain; patience
ngẹ́ẹ́,num.,one (counting)
ńgoló,n.,"gastropod shellfish, the rock shell (Thais spp.)"
ńgọ́ngọ́,n.,flower
ńgó,n.,wealth; riches; goods
ńgọ́kụ́rúwárị̄,n.,store
ńgọ́wárị́,n.,shop
ngọrị́,v.,snore
ngọrọ́,n.,trap for shrimps
ńgú,n.,"clay pitcher; water-pot; a set of water-pots, turned with water inside, normally four but up to seven, beaten on the mouth with a fan, ajala, of dried plantain leaves"
ńgụ́lé,n.,maggot
ńgụ́lé sọ́,v.p.,be full of maggots
ńgúlé yí,v.p.,give birth to maggots
ngurú,n.,rat; all types of rats
nguaába,n.,pineapple (Ananas comosus (Linn.) Merrill BROMELIACEAE)
Ngulá,p.n.,masquerade
ngumá,v.,throw away
ngungú,1. n.,frog; toad
ngungú,2. n.,fish sp.
ńguọ,n.,sugarcane (Saccharum officinarum POACEAE)
nimí,n.,wisdom
niminyé,n.,wisdom
nimiakpáa,a.,sensible
nímí,v.,know
nímí sị míé,v.p.,do intentionally or purposely
nínī,n.,nose
níníbīē,n.,nostril
nínī fụ,v.p.,force out matter from the nose
nínípánga,n.,the two sides of the nose
nịghịnịghịmaáa,v.,wag tail (as dog)
nịna,n.,urine
nịna saá,v.p.,urinate; make water
nịna-akpá,n.,bladder
nja,n.,top or marble for play (=ngịa)
njálélẹ,n.,orphan (=ńgíálélẹ)
nji,n.,fish (general)
njịbabọ,n.,fisherman (pl. njịbaapụ )
njịbanyé,n.,anything used in killing fish
njọlị,n.,"fruit, e.g. garden-egg, tomato (family SOLANACEAE)"
njọlí,n.,millet
njū,n.,prudence
nju,n.,"internode, place between two joints, as on sugarcane"
njụa,n.,paddle
ńjúá,v.a.,be useless
ńjụ́ẹ wẹ́ngị,v.p.,perambulate aimlessly
nkana,n.,basket
nnị,pron.,they; them
nọngụ́,n.,"catfish (Arius spp.); particular species are ebeku nọngụ, ịsọn nọngụ (ARIIDAE)"
nọmụ́,v.a.,"be crazy, mad"
nọmụbọ́,n.,crazy or mad person
nọ́nị́,v.,suck (as orange); cause pain (as boil)
ntụbụ́,n.,sandbank
numborowí,n.,brother
númé,n.,song
númé pụ́ghọ,n.p.,melodious voice
númé sú,v.p.,sing a song
númó,n.,hair
nune,n.,plant with a long fruit and peppery seeds; “pepper-fruit” (Dennettia tripetala ANNONACEAE)
núńó,n.,steering
núńó fẹ́,v.p.,steer
núńófẹbọ́,n.,steersman
nụnạ́,v.,contest in dispute with; struggle with
nụ́ngọ́,n.,open space; outside
nụ́ngọ́biē,n.,outside
nụ́ngọ́ ítíla,n.,long verandah around house
nnunú,n.,rope made of root of a plant
nụ́nụ́,v.,pull; tug; draw; set up; adjust
nụ́nụ́ bạ́,v.p.,strangle
nụnụma,n.,fufu (= akpakúru)
nụ́nụ́má,n.,bangle
nụ́nụ́má-ódódo,n.,millipede
nwá,n.,"animal, Maxwell’s Duiker (Cephalophus maxwelli CEPHALOPHINAE)"
nwaá¹,1. v.,tie cloth
nwaá²,2. v.,clean roasted yams
"Nwaátám, Nwaọtám",n.,"the annual carnival, originating from Opobo, where it is performed on New Year’s Day; it is held in Bonny on Christmas Day and in Oloma on Boxing Day"
nwángị́,v.,walk; move
nwẹ́ngị́,v.,work
nwọnọ-nwọnọ,v.,[?] all gone; or evacuate [makes no sense] - it [This word to be thoroughly
nyaná,v.,have; possess
nyé,n.,thing
nyé-árị́,n.,sight
nyébípị́,n.,price
nyébụ́ụ́sọ́ghá,??,useless
nyébụ́ụ́sọ́ghányéẹ́,n.,thing of no use; useless thing
nyédíẹ́bọ́,n.,teacher
nyẹ́fị́bíẹ́,n.,dining-room
nyẹ́gbẹ́dápị́rị́,n.,grinding stone
nyẹ́ lá,v.p.,"be costly, valuable"
nyẹ́lághá,a.,not valued; not costly
nyẹ́lányẹ́,n.,valuable thing or article
nyẹ́mọ́nị́,n.,covetousness
nyẹ́ná,n.,hearing
nyẹ́nị́mị́,n.,sense
nyẹ́tọ́nyẹ́,n.,balance; scales
"nyingi, nyingibọ",n.,mother
ńzã,n.,sunbird
"O, o",,
ọ,,see ọ
ó,,see ó
obé,n.,pear (in general); avocado pear (Persea americana Mill. LAURACEAE)
obị,n.,sickness; illness; disease
obịbọ,n.,sick person; patient (pl. obịapụ)
obịgụọ́wárị́,n.,hospital
obịí,v.,"be sick, ill"
óbịlọ́ngọ́,n.,black waterbird that dives for its food; African Darter (Anhinga rufa ANHINGIDAE)
obịrị,n.,dog (Canis familiaris CANIDAE)
obịrị-duá,n.,"poisonous, hairy spider"
"obụ́ụ́, owuú, owu",n.,war (= ọ́mụ́)
óbólí,n.,clenched fist
óbórí,n.,A. goat (fig.) folly
óbóríbọ́,n.,fool (pl. óbóríápụ́)
óbórí sọ́,v.p.,become a fool
óbórísọ́fíní,n.,"bird, Sacred Ibis (Threskiornis aethiopicus THRESKIORNITHIDAE)"
óbóróásámbọ́,n.,policeman (pl. óbóróásáwọ́)
ọ́bụ̄,v.a.,become sharp
ọ́bụ́gháa,a.,with a blunt edge; not sharp
ọ́bụ́ghụ,v.a.,"become cold, chilly"
ọ́bụ́ghụ́gháa,a.,not cold
ọbụmá,v.cs.,make sharp; sharpen
ọbụtụ,n.,mist; fog
ọdọ¹,n.,python (=ọ́dụ́mị́); Rock Python (Python sebae BOIDAE)
ọdọ²,n.,yellow substance
ọdọbála,n.p.,gold (= gúlu)
ọdọdọ́,n.,snake (general term)
ọdọín,n.,wickedness
ọdọ́-ọdọ,n.,yellow
ọdọdọ́o fíni,n.p.,any small yellow bird
ọdọị,n.,tree from which a yellow powder is got
ọ́dụ́,n.,"ivory; transverse ivory horn, played only for chiefs; trumpet"
ọ́dụ́ míné,v.p.,blow horn
ọ́dụ́mínẹ́bọ́,n.,one who blows a horn; horn-blower
ọ́dụ́mínẹ́yé,n.,son of a horn-blower
ọ́fíọ́,n.,whirlpool
ọ́fíọ́rụ̣,n.,whirlwind
ọfíọgọri,n.,mannerlessness; irresponsibility ọfíọgọri tụmbọ irresponsible person
ọfọ,n.,"flatfish, believed to dance well when atabala is drumming; angel fish"
ọ́fọ́ríi,v.i.,"be absent; not be there (This is used as the negative form of the irregular verb ímíi, and takes no tense-aspect markers.)"
ọ́fọ́ríọ́fọ́rí égbẹrẹ,n.p.,nonsense talk
ọ́fọ́ríọ́fọ́rí míényẹ,n.p.,nonsensical action
ọ́fọ́ríọ́fọ́rí nyẹ́,n.p.,nonsense; senseless action
ọ́fọ́rófọ́,n.,black snake sp.
ofúnguru,n.,rat ngurú
ofúnguru dja,n.,rat-trap
ófúró,v.,blow (with mouth)
ófúrónyẹ,n.,horn [for blowing music?]
ófúrúmáá,v.,dust
ogbo,1. n.,club
ogbosíbídabọ,v.,head or captain of club or society
ogbo,2. n.,a summons
ogbó,v.,summon [check v. versus n.]
ogbogbọbọ́,n.,plaintiff
ogbosẹ́bọ́,n.,mediator; one who intervenes
ógbógbó,n.,resting-place or bed in a canoe
ogboín,n.,mango (Mangifera indica Linn. ANACARDIACEAE)
ogbokú,n.,centre; middle
ogbóliló,n.,singing bird [check]
Ogbólo,p.n.,name given to the first daughter of the family
ogbónji,n.,nickname of the shark (ófúrúmá)
ogbosíbídabọ,n.,head or captain of club or society
ogbosúányẹ́,n.,island
ógbúdú,n.,platform in a canoe
Ogbúlū,n.,name given to the first son of the family
Ogina,n.,"the highest power, Almighty God"
ógióngió,n.,whitlow (= elo ákā)
ogoló,n.,large open drum used to call together assemblies
ógólóló,n.,gutter
ógónó,n.,rainbow
Ogu,p.n.,town in Okrika district
oguma,n.,plant with edible leaves
ogumáagala,n.,chameleon (family CHAMAELEONTIDAE)
ogumabiri,n.,"market (= ekémele, íyẹ́rẹwẹ)"
ogunú,n.,crown
Ogunu Fẹ́nị́ Íbí Ẹ́ne,n.p.,Wednesday
ogunúu,n.,peacock
oguru,n.,perseverance; patience; the power to endure suffering
oguruní,n.pl.,people of perseverance
oguruwarịapụ,n.pl.,people of perseverance
ọjó,n.,gold
Ójóbaá,p.n.,"name given to a girl, i.e. Ojo's daughter"
ọjóbalá,n.p.,copper rods
ọjó éfẹrẹ,n.p.,gold plate
ọjó ígbée,n.p.,gold box
ọjó ńgúu,n.p.,gold; gold pitcher
ọjó núnúma,n.p.,gold bangle
ọjótẹmẹbọ,n.,goldsmith
ojongo,n.,jar; jug
ọjū,n.,body
ọjū-ápára,n.,skin
ọjūdaghadaghá,n.,itching
ọjū gbẹ́,v.p.,cover the body
ọjūgbọrū,n.,anatomy
ọjūkírí,n.,body surface
ọjū lá,v.,feel or touch body
ọjūmẹ́nị,n.,flesh
ọjū-ọgọ́nọ,n.,the surface of the skin
ọjū sẹ́ghī,v.p.,tremble; shiver
ọjūsụábịtẹ,n.,clothes
oki,n.,A. sawfish (Pristis spp. PRISTIDAE);
oki,n.,B. sawfish masquerade
ókí,v.,swim (of human beings)
oko,n.,earthen pot; clay pitcher
ókó,v.,"peel (yam, cocoyam)"
ókóbá,n.,A. cowries B. masquerade play
okoríko,a.,funny
okolo,1. n.,creek
okolooghó,n.,middle of a creek
okoló,n.,shouting
ókólá,n.,"bird, ? Hadada Ibis (Bostrychia hagedash THRESKIORNITHIDAE)"
ókóló,n.,"bird, ? Eurasian Curlew (Numenius arquata SCOLOPACIDAE)"
okolokápa,n.,"bird, perhaps the Black-crowned Night Heron (Nycticorax nycticorax) or White-crested Tiger Heron (Tigrionnis leucolophus), family ARDEIDAE"
ókpodápịrị,n.,rock
okporo,n.,sad; sympathetic drumming
ókpórómgbó,n.,skull
oku,n.,mortar
ókū,n.,message
ókumienyé,n.,mission
ókúmúbọ́,n.,messenger
ókúrú,n.,raffia cloth; working clothes
olo¹,n.,mussel
olo²,n.,nature
ólóghó,n.,law
ólóghóéfị́,v.,fine someone
ólóghógbé,n.,fine
ólóghókị́ẹ́bọ́,n.,lawyer
ólóghósị́ma,n.,guilt
ólóghósị́mábọ́,n.,criminal
"ólóghóndō, ólóndō",n.,spider
ólóghóndóbị́ábọ,n.,spider (at home)
olokpó,n.,"fish, Biglip and Rubberlip Grunt (Plectorhynchus spp.) and/or Atlantic Tripletail (Lobotes surinamensis LOBOTIDAE)"
ólóndō wárị́,n.,spider's web
ólóló,n.,bottle
ólólóndō,n.,bees
ólómí,v.a.,become old
ólómị́bára,n.,old or ancient way
ólómị́bẹ́rẹ́,n.,history
ólómị́bọ́,n.,old person
Ólóma,n.,Jehovah; God the Giver; he that prepares purpose for his creature [can the meaning be stated more clearly?]
Ólóma na Oginaba Tamụnọ,n.,God in Trinity
Ólómị́nà-Ogina,n.,Jehovah
ólómbiábọ,n.,gecko (=wáríbìlágogo) (family GEKKONIDAE)
ólóndō,see,ólóghóndō
ólósí,a.,ill-natured
ómóní,n.,slavery
ómóníárọ,n.,female slave
ómóníbó,n.,slave
ómóníọwí,n.,male slave
ómóní sọ,v.p.,serve as slave
ónī,v.,"vibrate; rotate, spin round"
ónī,n.,vibration; rotation; nickname for a good dancer
oníá,v.,agree
oníágha,v.,not to agree
ónú¹,n.,fence; seawall; yard; garden
ónú²,p.n.,name given to a male child
ónú ílíghíma,n.p.,boundary
ónwí,1. v.,bite
onwi,2. v.,"bale out water from canoe, etc."
onwi,n.,smoke
onwi-arụ,n.,steamship
ónwō,n.,sand
ónyésẹbọ,n.,witness
opo,n.,fruit sp.
opogholo,n.,valley
ópómgbō,n.,small yellowish birds such as warblers or weavers
ópúró,see,ópúró
óporópo,n.,pig (<Portuguese o porco)
opu,a.,great; big
opuáda,n.,grandfather
opu ámá,n.p.,city
opuamíenyẹ,n.,pride
opu bạrátụmgbọlụ,n.p.,thumb
opubīē,n.,parlour
opubọ,n.,great man
opu ẹ̀lẹ́lẹ́ndẹ,n.p.,orange
opu-ígídí,a.,Mighty [?]
opu-ijikila,n.,war-canoe (= ọ́mú-árú)
opu ó̟wú,n.p.,great masquerade
opumá,adv.,very much
opu mingi,n.p.,flood-tide
opunyingi,n.,grandmother
opu npiri,n.p.,forest
opu sí,n.p.,big tree sp.
"ó̟púró, ó̟póró",n.,shrimp; ‘crayfish’; ‘lobster’ (general name)
ó̟púró̟nyíngí,n.,‘lobster’
opu-tẹ́nyị,n.,majesty
opụtó̟rū,n.,coveteousness
ori,pron.,he
orii,pron.,it is he; it is him
ó̟rú,n.,god; deity; divinity
Ó̟rú éné,n.p.,Sunday
Ó̟rú éné ó̟búụ,n.p.,Monday
ó̟rúfíní,n.,"kingfisher (family ALCEDINIDAE) or water-spirit bird; it is red, blue and black. People possessed by water-spirits talk to this bird, and it talks to them in a special language."
ó̟rúfị,n.,oath
ó̟rú fó̟ngúmá,v.p.,invoke a god
ó̟rúkóróbó̟,n.,traditional prophet
ó̟rú míé,v.p.,worship a god
ó̟rúmíé̟bó̟,n.,worshipper of a traditional god
ó̟rúsé̟níbó̟,n.,traditional high priest
ó̟rúogoló,n.,"bird, the Senegal coucal (Centropus senegalensis CUCULIDAE)"
osi,n.,large edible snail (Achatina and Archachatina spp.)
osi kpóró̟mígbọ,n.p.,empty snail-shell
ó̟sí,n.,fishing fence
osiá,n.,respectfulness; respect; honour
osimingí,n.,one person shouts [meaning unclear]
osiírí,n.,sugar (<French sucre?)
ó̟só̟,v.t.,contribute
osuú,n.,roof
osuborí,n.,king-post of a house
osubọ́rọ́ma,n.,principal rafter
osúe,n.,[?] and the others [meaning unclear; put in sentence]
osúe-ínyée,n.p.,glory is thine (a way of praising God) - it [Is this connected with the preceding word?]
ósúká,n.,grass; weeds; body-hair
Ósúnju,p.n.,name given to the second daughter of the family
oto,n.,native basket used as box for cloth
otóbíẽ,n.,lane
otobo,n.,hippopotamus (Hippopotamus amphibius HIPPOPOTAMIDAE)
ótólóo,n.,very narrow passage
otume,n.,tail; anus
otumebíẽ,n.,anus
otume mpára,n.p.,buttocks
otumefa,n.,flat fish with a very short tail
ówí,n.,male
ówíápí,n.,men
ówíbọ́,n.,male
ówítúwọ,n.,man
ówíma,n.,hurry; haste [?]
owolo,n.,acquire the rights to the masquerade of another group
"owu, owuú, obuú",n.,war; fight (=ọ́múí)
owu sọ́ọ́,v.p.,fight
ówú¹,1. v.,cry; weep; bleat
ówú-áténgẹlẹ,n.p.,tears
ówú²,2. n.,"masquerade play; ""mermaid"" water-spirit"
óyé pẹrẹ,n.p.,His Highness
óyí,num.,ten (qualifying) óyíá atọ́nị ten manillas
óyíá ńdẹ,num. phr.,four thousand
"Ọ, ọ",,
"ọ, ọ",pron.,he; him; his ọ taa his wife
"ọ, ọ",pron.,you (plural)
ọbịọ,n.,chicken
ọbịọ-ịkụ,n.,cock's comb
ọbọ,n.,sansa built into a half-gourd with bamboo keys played by men for story-telling; also played for wake-keeping four days after death
ọbọsịmá,n.,defilement
ọbọyẹ́,n.,tortoise (= ịkákị́)
ọbọ́ghọ́,n.,oath
ọbụ,n.,back
ọbụangá,n.,backside
ọbụdụ́,n.,back; behind
ọbụ fịị,v.t.,take bribe
ọbụjụ́ụ,n.,backbone
ọbụjụ́-mị́gbe,n.,back; behind
ọbụkọọ,n.,behind; at the back
ọbụkọ la sáa,adv.p,afterwards
ọbụkụnụma-ọkúú,n.,ultimatum
ọbụẹlẹbịpị́,n.,treaty
ọdọ́,n.,naughtiness
ọdụmị́,n.,python (=odo); the Rock Python (Python sebae BOIDAE);
ọdụmị́ yengị,n.,Royal Python (Python regius BOIDAE)
ọfị,v.,sweep
ọfịọ,v.,whistle
ọfịrị,v.a.,become hot
ọfịrị,n.,fever
ọfịrị-ịrúú,n.,spirits (drinkable)
ọfọ,n.,sceptre (= sómbị́)
ọfọnọ́,n.,"rack or ""altar"" for drying fish"
ọfọrọngụ́,n.,"person without toes or fingers, e.g. leper"
ọfụrụ́má,n.,"shark (nicknamed ọgbọ́nịjị) (general term, probably including Scoliodon terrae-novae, Rhizoprionodon acutus, and Galeocerdo arcticus)"
ọgazị,n.,"bird, Helmeted Guinea-Fowl (Numida meleagris NUMIDIDAE)"
ọgbụdụ,n.,dirty water
ọgị,n.,gonorrhoea
ọgịsị,n.,wooden box for tobacco
ọgọ,n.,in-law
ọgọnọọ,n.,top; above
ọgọnọ-árụ,n.,aeroplane
ọgọnọdányẹ,n.,"head of body, or of a group"
ọgọnọtándịnyẹ,n.,ladder
ọgọnọwarị,n.,storey building
ọja,n.,"flute, whistle"
ọjukụrụ,n.,cast-net
ọkọ,v.,hire
ọkọ,n.,white mangrove (Avicennia germinans (Linn.) Linn. AVICENNIACEAE)
ọkọlọbị,n.,Grey Parrot (=ọkóókó) (Psittacus erithacus PSITTACIDAE)
ọkọlọbịẹ,n.,lane by end of a building
Ọkọńkọ,n.,masquerade dance
ọkpanị,,see akpanị
ọkụ,n.,lion (Panthera leo FELIDAE) (=ọkụnamá)
ọkụkụ,n.,masquerade similar to agịrị
ọkụnamá,n.,lion (Panthera leo FELIDAE) (=ọkụnamá)
ọmaa,v.,embrace
ọmbịị,v.,rub (oil on body)
ọmbịnyẹ,n.,pomade
Ọmọ,n.,name of juju of the ebbing tide [meaning?]
ọmọọ,v.i.,ebb
ọmọmịngị,n.,ebbing tide
ọmọmọ,n.,fly; housefly
ọmụ,n.,war (= owu)
ọmụ-ágịdị,n.,sword
ọmụ-álábọ,n.,general; commander
ọmụ-áláowị,n.,general
ọmụ-áláwịyẹ,n.,son of a general
ọmụ-ánúme,n.,war-songs
ọ́mú-ápụ,n.,soldiers
ọ́mú-árú,n.,war canoe; warship
ọ́mú-ányé,n.,implement for war
ọ́múbírí-ányé,n.,soldiers' uniforms
"ọ́múbó, ọ́múbọ́ọ",n.,soldier; warrior; admiral
ọ́mú gbí,v.p.,go to war
ọ́múgbí-ápú,n.,soldiers
ọ́múgbínyé,n.,ammunition
ọ́múíjú,n.,war stampede
ọ́múkúrọ́nábọ,n.,war commander who directs war strategy from home; he does not necessarily go to the war-front
ọ́mú-ówúu,n.,war-cry
ọ́músúo,n.,war-cloud [meaning?]
ọ́mú tí,v.p.,parade
ọ́múmbu,n.,sandflies
ọ́nị́nị [check],n.,shade made by cloth [meaning unclear]
ọ́nọ,n.,blue-black mourning dress; sackcloth
ọ́nụnụ,n.,"European wind instruments such as organ, mouth organ, accordion, etc."
ọpọ,n.,bathroom
ọpọlúbụrụma,n.,gunpowder
ọpọrọ,n.,alley
ọpọlị,n.,creek shrimp
ọpụmbu,n.,"flatus; fouled air, fart"
ọpụpọlị,n.,boil
ọpúrúrú,v.,collect up; grab
ọrị,n.,hair on private parts; pubic hair
ọrịọ,v./a.,astray
ọrọọsị,n.,rice
ọrụ,n.,arrangement; plan; rectification
ọrụ tọọ,v.p.,make arrangement
ọrụtọbọ,n.,manager
ọrùbọ,n.,woman (cf. ẹrẹbọ)
kálá ọrùbọ́túwọ,n.p.,small girl
ọrùbọ́túwọ,n.,girl
ọsú,v.,spill; vomit
ọsụụ́,v.i.,be spilt
ọ̀tọ̀bọ́,n.,narrow gully (natural)
ọ̀tụ̀rụ̀kpọ́kpọ́,n.,"bird, perhaps the Blue-Headed Wood Dove (Turtur brehmeri) or Blue-Spotted Wood Dove (Turtur afer), family COLUMBIDAE"
ọ́wọ́rọ́wọ́,n.,horn made of ivory or thick wood
ọ́wụ́,n.,heat; breath
ọ́yọ́,n.,basketry rattle
"P, p",,
pá,part.,it (used after the direct object in a sentence with both a direct and indirect object)
paá,v.,crow
pághá,v.t.,"go or come out, away"
págháfúro,n.,descendant; lineage
pághará,v.,answer; reply
pághárá,n.,first part of something
"pálị́, pásísí",excl.,please
pálị́,n.,second; support
pálị́,n.,tighten; fasten
palịmá,v.,be urgent; inconvenience one by nearness [make meaning clearer]
pámamgbée,n.,skeleton
pamba,n.,wing
pámbá,n.,bank of a river or creek
pápá,v.,peel (coconuts)
pápá,n.,nothing
pápányẹ,n.,nothing; vainness; emptiness
Párábọ́bọ́,p.n.,Redeemer
párị́,v.,twist (rope); plait (hair)
párị́,num.,first
párị́ ọ́bị́ọ̀,adv.,first cock-crow; from 3 a.m.
pasará,v.a.,become flat
pásísí,,see pálị́
péepée,,see épe
perí,n.,"fish sp., pompano (Trachinotus spp. CARANGIDAE)"
pẹdíri,n.,leaves (edible)
pẹẹ,v.t.,eat (fish or meat); bite (as mosquito)
pẹlẹ,v.,cut; slash; fell (tree); clear (bush); settle (case or dispute); bet
pẹlẹbúpó,n.,shutter; a door cut into two serving as a window
pẹmbẹ,n.,small axe; scythe
pẹrẹ,v.a.,be very wealthy; Oye Pẹrẹ His Highness
pẹrẹbó,n.,rich man
pẹrẹ físání,n.,sweet alligator pepper (Aframomum melegueta ZINGIBERACEAE)
pẹrẹtẹtẹ,n.,season between dry and fresh yam (drum name) (= fúrúbọmọnị)
"píghẹ, píghã",1. v.,compete
píghẹ,2. v.t.,"pin (stick in ground, etc.)"
píghí,v.,deny
piri,n.,bush; forest
piribíẹbọ,n.,barbarian
piridiri,n.,herbs
piri fíni,n.p.,general term for small birds
pirináma,n.,wild animal
piri-obóri,n.,"animal, the Water Chevrotain (Hyemoschus aquaticus TRAGULIDAE)"
piri opórópo,n.,bush-pig; Red River Hog (Potamochoerus porcus SUIDAE)
pírí,n.,butterfly
písí,v.a.,become wet
píghí,part.,also
pílá,n.,fish which is tasteless; croaker (family SCIAENIDAE)
píláma,n.,bitterleaf (Vernonia amygdalina Del. and V. colorata (Willd.) Drake COMPOSITAE)
pínã,v.a.,become white
pínãbála,n.,silver
pínãmbú,n.,"bird, any white egret: Cattle Egret (Bubulcus ibis), Little Egret (Egretta garzetta), Great Egret (Egretta alba), family ARDEIDAE"
pínã-óbíi,n.,smallpox [or rather leprosy?]
pínị,1. v.,"peel (oranges, bananas or cocoyams)"
pínị,2. v.,bruise oneself
pírí,v.t.,"give (often translates ""to"" or ""for"")"
písị,v.,scratch oneself
póghóló,v.a.,become deep
póghólókírī,n.,valley
poló,v.t.,cut up fish or animal; eviscerate; dissect
póló,n.,compound; yard; quarter - it [Any difference from nùngó?]
"pomíá, pomíá",n.,sole (fish) (Cynoglossus spp. CYNOGLOSSIDAE) (=álápú-ńjíí)
póó,v.,castrate
póó-óbórī,n.,castrated goat
"pósíébípí, pósíébípí",n.,waterside
pótírī,n.,cask
ponjí,v.,squeeze
"póósí, bóṣí",n.,cat
pú,v.,split; slice (e.g. yam to cook)
puamá,v.cs.,separate
puamá,n.,separation
púghū¹,n.,bat (animal)
púghū²,v.,listen
púghū,n.,eight thousand
pulo,n.,"oil, especially palm-oil"
pulo pótírī,n.p.,puncheon of oil
pulobíé,n.,piles
pururú,v.,come out suddenly
puá,v.,mock at a person
pụghọ,n.,throat; voice
pụghọ-bíé-ílolọ,n.p.,Adam's apple
pụghọ sámúṇg,v.p.,be thirsty
"pụghọ samá, pụghọ saghamá",v.p.,escape one's memory
pụmáá,v.cs.,[?] close
pụmbará,n.,liver
pụṇú,n.,"“fox”, genet (Genetta spp.)"
pụṇú,v.,press tight
pụṇú,v.,wedge
pụṇú,v.,incubate
pụṇúmáá,v.,suppress
"púó síí, píóṇí síí",v.p.,draw out smoothly by force
purukú,v.a.,become rumpled
purukú-purukú,v.a.,become rumpled
"S, s",,
sá¹,v.,urinate
sá²,n.,debt
sáfiḅó,n.,debtor
sá gbẹ́,v.p.,pay a debt
sáá,n.,"time; term (often used to translate English ""when"")"
sáá gbọ́rụ,adv.p,always
sáá máṃgba,adv.p,every time; often
sáḅá,v.,cross
saḅẹ́ẹ,n.,soap
sáḅó,n.,grandson
saghị́,v.i.,get up; wake up
sághị̄,v.,lift; take up
sagi,n.,whale
sáṃúṃnó,v.i.,"wither; dry up, desiccate"
sánā,v.,sprinkle
sánáḅó,n.,creditor
sanị,n.,pepper (red) (Capiscum annuum SOLANACEAE)
sanị́,v.i.,melt (by itself)
sáṇị́,v.,swing arms
sáṇị́maá,v.cs.,melt (something)
sanịsanị,v.a.,smooth (as oil); glossy
sápásápá,adv.,not much
sará¹,v.,pour
sará²,n.,small rafters used in thatch roofs
"sárá, sárá-ógbóṇọ",n.,dustbin
sarabirí,n.,allowance
sárámáá,v.,act quickly
sárásárá,v.a.,"be light, not heavy"
sẹ́ 1.,v.i.,stand
sẹ́ fínị́ị́,v.p.,stand up; stand there
sẹ́ 2.,n.,country
sẹ́gbọ́rọ́,n.,whole world
sẹ́ẹ́,v.t.,‘dash’; give present
sẹ́fị́,n.,prostitution
sẹ́fị́arọ́,n.,"female prostitute; harlot, whore"
sẹ́fị́bọ́,n.,"prostitute; harlot, whore"
sẹ́fị́eré,n.,"prostitute; harlot, whore"
sẹ́fị́owí,n.,male prostitute; flirt; playboy
sẹ́ghị́,v.,dance; tremble
sẹ́kị́rí,n.,nation
sẹ́lẹ́,v.t.,select; choose; pick out dirt from rice
sẹ́máá,v.t.,order; send (someone) to buy
sẹ́ma wárị́ị́,v.,stop; keep straight
sẹ́ngị́,v.t.,slice or split (e.g. cooked yams)
sẹnị́,v.i.,grow
sẹnị́,n.,growth
sẹnị́arọ́,n.,aged woman
sẹnị́bọ́,n.,elder (pl. sẹnị́apụ́)
sẹnị́owí,n.,aged man
sẹrẹrẹ́,v.,lean on (something); depend on
sẹ́rị́,v.,"cut a slice, by slices"
sị́,num.,twenty
sị́ nị́gbọ́lụ,n.p.,fruit
sị́bẹ́,v.,feed
sị́bẹnyẹ́,n.,women's upper tying cloth
sị́ị́,n.,badness; sin
sị́ị́bị́enị́ghị́,n.,repentance
sị́ị́bụ́ụ́pị́ghị́,n.,conversion
sị́ị́kị́é,n.,confession
sií 1.,v.a.,become bad
siifịlã,n.,bad curse
siimíényẹ,n.,bad manners
sinyẹ,n.,bad; sin
siipiri,n.,"""bad bush"" cemetery"
sií 2.,v.t.,wipe; remove
sií ákị́,v.p.,take away
sií dárị́maá,v.p.,remove
sika,n.,spring
siki,n.,crocodile
sílé,v.,noise
siminí,v.i.,be poor
siminí,n.,poverty
siminibọ,n.,poor person (pl. siminiapụ́)
singi,n.,catfish (Chrysichthys spp.)
siri,n.,"square; open place for plays, dances, etc."
síri,v.i.,flow (as tide)
síri-míngí,n.,flowing tide
sísíbáa,adv.,four days forward
sị 1.,conj.,that
sị 2.,intro.,then [?]
sị́,n.,tree; stick
sịbị́,n.,head
sịbị́ dá,v.p.,lead; head
sịbị́dálábála,n.,comb
sịbị́ kụrọ́,v.p.,be stubborn
sịbị́nụ́mẹ,n.,hair (of the head)
sịbị́-ókpórómgbọ,n.,skull
sịbị́-ótọ́rọ,n.,brain
sịbị́pụ́ụ́,n.,headache
sịbị́ságḥíṇyẹ,n.,pillow
sịbị́pị́,n.,salutation
sịbị́pị́ sị́,v.p.,salute; greet
sịgḥị́,v.,refuse; forsake
síghịrị,1. v.,"wash (pots, cloth)"
síghịrị,2. v.,fade away
síị,v.,call
síị bára,n.p.,branch of tree
síị-íkpángị,n.,branch of tree
síị-mgbọlụ,n.,fruits; seeds
síka,n.,stingray (Dasyatis spp. DASYATIDAE)
síkákã,n.,"silk-cotton tree (= íjẽ, óhõ)"
síkọ́,n.,hiccups
sílọ́lọ́,v.a.,look pale; be emaciated
síṇélị,excl.,sorry
síngị́,v.,slumber
sí-ókúbọ,n.,ambassador
sírị́,n.,leopard
sírị́fị́nị,n.,hawk
sírị́ ọpọmgbọ,n.p.,group of leopards
síṣã́ị,v.t.,wake (someone) up
só,v.,go home
sobị́bị́árị́á,n.,bird sp.
sodírị́,n.,tree whose leaves are chewed with alligator pepper for a sore throat (Newbouldia laevis Seem. BIGNONIACEAE)
sóóló,v.i.,be high
sóloḷó,v.,hang; keep in suspense
sómbí,,see súmbíé
sómbí 1.,v.,press a person under water so as to drown them
sómbí fị́ị,n.p.,drowning
sómbí 2.,v.,squat
sọ́ngị́lị́,v.,detect
sọ́pá,v.,germinate; grow
sọ́ró,v.t.,drop; fall
sọ́wí,n.,accident
sọ́lị́,v.,covet
sọ́,v.,it (used in combinations as below)
sọ́ bọ́,v.p.,enter; come in
sọ́ mú,v.p.,enter; go in
sóngó-,n.,it (used in combinations as below)
sóngófúróáwọ,n.,grandchildren of a slave
sóngófúrótúwọ,n.,grandson of a slave
sóngótúwọ,n.,son of a slave
sónó,num.,five
sónóá pughu,num.,forty thousand
sónóá si,num.,one hundred
sónóma,num.,seven
sónómaá ńdẹ,num.,two thousand eight hundred
sónómaá si,num.,one hundred and forty
sónómá-írí-awọ,n.,porpoise
sónyé,n.,profit
sọọ,v.t.,cook
sọwụ,v.,take out jigger
sú,v.,sing
númé sú,v.p.,sing a song
súé,num.,thirty
sóníé,num.,six
sóníéá ńdẹ,num.,two thousand four hundred
sóníéá si,num.,one hundred and twenty
súghú,v.,dig; harvest; excavate
súghū,v.,swell (= fíí)
súghúbí,v.,revenge
súghú,n.,it (used in combination as below)
súghúbíe,n.,bottom; underneath
súmaá,v.,push
súmaá dẹrị,v.p.,sell very cheaply
súmbíé,n.,rod; sceptre ọfọ
súngú,n.,sardine (cf. áfárị) (Sardinella spp. CLUPEIDAE)
"sunju, sundu",n.,broom (= líá)
Súnjúū,p.n.,name for second male child of the family
suó,n.,sky; heaven
suo-alágbá,n.,thunder
suọfịní,n.,lightning
suo-ibíníawo,n.pl.,angels
suo-ikángi,n.,lightning
suo-odúm,n.,rainbow
suotorú,n.,atmosphere
Suodienyé,p.n.,personal name
súrúmaá,v.t.,instigate
sú,n.,cap; hat
súú,v.,rise (as bread)
sú,v.,stretch
sụá,v.t.,put in; put on (clothes)
sụabịtẹ́,n.,clothes
sụadirí,n.,snuff
sụápáma,n.,verandah
sụba,n.,spear
sụgbẹ́,v.,tie person with rope
sụká,v.,hook together
sụkụ́,n.,"bird sp., Grey-Headed Kingfisher"
sụná,1. n.,ant mẹ́mẹ́
sụná,2. n.,cane-rope (small size)
sụná,3. n.,long pole for pushing canoe - it (usu. árú-sómbí-sụna)
sụná píghé,v.p.,push or punt a canoe with a pole
sụná sómbí,v.p.,push or punt a canoe with a pole
sụnụ́,n.,rattan for basket
sụnụnụ́,v.,massage; press with oil
sụwẹẹ,n.,virgin
"T, t",,
tá,v.,gather up (as periwinkles)
taa,n.,wife
taá,v.,rub; paint
tááwọ́,n.,grandson (= sábo) (pl. táápụ)
tábạ,1. v.t.,lick
tábā,2. n.,granddaughter
tádō,n.,ancestor (pl. tádō-ápụ)
tádō-árọ́,n.,granddaughter
tádō ówí,n.,grandson
Támụnọ́,p.n.,God
támụnọ́bẹ́rẹ́,n.,theology
támụnọ́bẹ́rẹ́dụgh ọ́bọ,n.,preacher
Támụnọ́ Fị́nyẹ,n.,Lord's Supper
támụnọ́fịrị,n.,ministry
támụnọ́fịrị́nwang ị́bọ,n.,minister (of God)
támụnọ́-ólóghọ,n.,commandment
támụnọ́wárị́,n.,church
támụnọ́wárị́-ólóghọ,n.,canon law
tanda,n.,"(= ákányị́, mụ́nọ́nyẹ́, mụ́nọ́-ọ́gọ́nọ́)"
tanda ọrụ́bọ,n.,midwife
"tanị́, tandị́",v.,climb (= kpọ́lị́)
tarị́,v.,A. feel need for
tarị́,v.,B. love (= bẹ́lẹ́maá) tarị́ghá [make into complete sentence] hat
tarịghabọ́ọ́,n.,enemy
tárị́,adv.,first
tárị́nyẹ́,n.,origin
tarịnyẹ́,n.,wish
tẹ́ghẹ́lẹ́,n.,disgrace
tẹ́ gósi,int.,why?
tẹ́ẹ́lẹ́,n.,gorilla
tẹ́sị́,num.,sixty
tẹ́ẹ́,v.t.,kick; fire (gun); shoot
tẹ́ẹ́,v.,go adrift; be carried away by water
tẹ́ghẹ́,1. v.,beg; entreat; implore; pray; worship
tẹ́ghẹ́,2. n.,fish sp.ing net
tẹ́lẹ́maá,v.t.,make good
tẹ́ lẹ́ã,int.,why? [check]
témẹ́,1. v.t.,create; mould; make
témẹ́,2. n.,shadow; soul
Témẹ́bọ́,p.n.,Creator
témẹ́díghínyẹ́,n.,looking-glass; mirror
témẹ́kọ́bọ́,n.,blacksmith
témẹ́náḅọ́,n.,smith in general; goldsmith; silversmith; blacksmith
témẹ́nyẹ́,n.,creature; image
témẹ́-ọ́wí,n.,male creator
"tẹ ngáa, tẹnga",int.,where?
tẹnga nyẹ́ẹ,int.,which?
tẹ nyẹ́,int.,what?
tẹ́rẹ́,num.,three
Tẹ́rẹ́gbẹ́rẹ́nyẹ́sọ,n.,Trinity
tẹ sáa,int.,when?
tẹ yọ́ọ,int.,where?
tíbírímá,v.t.,tempt
tíbírímányẹ́,n.,temptation
tíi,v.,play
tímí,1. v.,beat (as pepper); pound (in mortar)
tímí,2. v.,bask (in sun or by fire)
tíngíáḅú,n.pl.,great-grandmothers [any singular?]
tíníbíé,n.,armpit
tọ́lọ́lọ́,n.,hunter's knife
tọlọ́tọlọ́,n.,turkey
tọmbọ́,n.,someone; somebody
tọmí,n.,pestle
tọ́,1. v.,weigh; measure
tọ́,2. v.,"A. forbid B. be sacred, holy"
tọ́ nyẹ́,n.,forbidden thing
tọ́nyẹ́míẹnyẹ,n.,ordination
tọ́ ḅará,int.,how is it? how?
"tọndọ́, tọndịnyẹ́",n.,lamp
tọ́ngọ́,n.,penis
tọ́ntọ́,v.a.,become holy
tóntóbúụ,n.,holiness
tópiripiri,n.,assignment
toróọ,int.,how? tọrọ fịnjị how is it?
tọrọ pa,int.,how?
tọrọ,n.,river
tọrū,n.,face
tọrū-ánjị,n.,eyebrow
tọrū lélémá,v.,stare in the face; look straight in the eyes
tọrū-mgbọlụ,n.,eye
tọrūbámá,n.,exile
tọrū búlúbúlú,v.p.,confuse
tọrūdịghị,n.,hope
tọrūdịnyẹ,v.,microscope
tọrūfịndị,n.,civilization
tọrūfọpẹẹ,n.,discipline
tọrū kịrịkịrị,n.p.,different kinds
tọrū kịrị kịrị nyẹ,n.p.,many different things
tọrūkū,n.,face; forward
tọrūkū dúma,n.p.,future life
tọrūkūsẹ́nịbọ,n.,senior
tọrūkurụkurụ,n.,grace
tọrūsịarị,n.,suffering
tubugọgọ,n.,sea duck; bird that swims on the sea
"túghurú, túurú",v.,chew
túlú,v.t.,bore (hole); pierce (ear)
túlú pághá,v.p.,appear
túlúma,v.,advise
túlúma fáma,v.p.,deceive
tumini,n.pl.,people
tumini-gbọrọ,n.,mankind
tumini-irú,n.,tombo; palmwine (from both wine-palm and oil-palm)
tuminikịrị,n.,world; earth
túmíní,v.t.,extol; praise; thank
tumo,n.,tail (shortened form of otumo)
tumo nángwó fíni,n.,"bird with long tail, such as the Pin-Tailed Whydah"
tungú,n.,occiput
tungu pụnụ́,v.p.,pursue without giving an inch
turú,n.,clay; powder (to mark body)
túrú,n.,nails
túrúkpápúnyé,n.,pincers
turumbí,n.,palm kernels
turumbí ákpáa,n.,bag of kernels
tuú,v.t.,set (trap)
dịá tú,v.p.,set a trap
túumanyé,n.,counsel
túurú,,see túghurú
túwó,v.,trade
túwónábó,n.,trader
túwówárị,n.,"""factory"" trading station"
túbara,n.,antelope
tughú,v.,squat; stoop
tughumanyé,n.,truth
túmí,n.,aerial yam
tumá,v.a.,be proper
tumbó,n.,person (pl. tumini)
túndú,n.,hill
turú,n.,chalk
tú-tú,v.,ask for more; or ask for addition
túúmaá,v.,point out
tụwọ,n.,child (pl. awọ)
tụwọ akpáa,n.,womb
tụwó,int.,who?
tụwọ nyé,int.,whose?
"U, u",,
une,n.,mouth-resonated musical bow played by men for enjoyment (< Igbo?)
"Ụ, ụ",,
ụdẹlẹ,,see ẹdẹlẹ
ụkụta,n.,waistbeads worn by girl
ụkụta koroma,v.p.,"remove a girl's waist-beads, after which she can tie her first short cloth"
ụkụtakoroma,n.,ceremony at which waistbeads are removed and girl ties her first short cloth (before ịrịá)
ụpolị,,see ọpolị
ụpolịbụrụma,,see ọpolịbụrụma
"V, v",,
vála,n.,sail (< Port.)
vála-arụ,n.,sailing-ship
"W, w",,
wagbị,v.t.,throw or cast (net or rope)
wámịnị,pron.,we
wándere,n.,window
wárị,v.,keep
wárịbághụ-ẹfẹrẹ,n.,zinc
wárịbịé,n.,room
wárịbịlágogo,n.,gecko (= ọlọmbịábọ)
wárịdáápụ,n.pl.,those in charge of a house; trustees
wárịkịrị,n.,floor; foundation
wárịnámạ,n.,domestic animal
wárịnāmábọ́,n.,builder
wárị́-ŋgása,n.,wall
wárị́-ōsu,n.,roof
wáya,n.,wire ńdálị
wáyị́,v.,cast [Is this a variant of waghị́?]
werewéré,v.a.,not strong
wíkị,n.,week
wíkị gbọrụ,n.p.,weekly
wílī,v.t.,cut (rope); slice (yam to cook); chop (wood into pieces)
wírị́,v.t.,abuse; insult; curse
wírị́ numó,n.p.,abusive songs
woghowóghó,v.a.,not tight or slack
worowóró,v.a.,not well closed; perforated; freewheel
wówowó,n.,noise
wólọ́,1. v.,massage
wólọ́,2. v.,disregard; disrespect
"Y, y",,
yaá,v.,marry with big dowry
yaá,n.,(big dowry) marriage
yafúro,n.,relatives of the wife
yárị́-yárị́,v.a.,rascally
yárị́-yárị́,v.a.,well dried
yáwụ́,n.,silence; audience
yáwúma,v.,cause to keep silent
yéị,excl.,"an exclamation of fear, pain, wonder, etc."
yíị,v.t.,beget; bear; give birth
yóriyórị́,v.a.,"clear, clean (of liquid)"
yọ́,n.,place
yọ́ yọ́,adv.,place to place
